timestamp,sensor_id,parameter,value,unit,alert_level
19:36:25.313,SENSOR-TEMP,TEMP,27.38,C,NORMAL
19:36:25.313,SENSOR-HUMID,HUMIDITY,80.33,%,NORMAL
19:36:25.313,SENSOR-RAIN,RAINFALL,0.62,mm,NORMAL
19:36:25.313,SENSOR-WIND,WIND,40.09,km/h,WARNING
19:36:25.314,SENSOR-AQI,AQI,148.24,AQI,WARNING
19:36:25.314,SENSOR-SOIL,SOIL_MOIST,11.76,%,CRITICAL
19:36:25.314,SENSOR-UV,UV_INDEX,4.43,UV,NORMAL
19:36:25.315,SENSOR-RAIN,RAINFALL,25.11,mm,CRITICAL
19:36:25.315,SENSOR-TEMP,TEMP,22.47,C,NORMAL
19:36:25.316,SENSOR-UV,UV_INDEX,2.35,UV,NORMAL
19:36:25.317,SENSOR-SOIL,SOIL_MOIST,62.19,%,NORMAL
19:36:25.317,SENSOR-HUMID,HUMIDITY,41.6,%,NORMAL
19:36:25.319,SENSOR-WIND,WIND,51.71,km/h,CRITICAL
19:36:25.319,SENSOR-AQI,AQI,102.4,AQI,WARNING
19:36:25.320,SENSOR-TEMP,TEMP,36.84,C,CRITICAL
19:36:25.320,SENSOR-RAIN,RAINFALL,38.78,mm,CRITICAL
19:36:25.320,SENSOR-HUMID,HUMIDITY,71.34,%,NORMAL
19:36:25.321,SENSOR-AQI,AQI,172.86,AQI,CRITICAL
19:36:25.322,SENSOR-UV,UV_INDEX,7.4,UV,WARNING
19:36:25.322,SENSOR-TEMP,TEMP,29.63,C,NORMAL
19:36:25.322,SENSOR-SOIL,SOIL_MOIST,55.61,%,NORMAL
19:36:25.323,SENSOR-RAIN,RAINFALL,32.43,mm,CRITICAL
19:36:25.324,SENSOR-WIND,WIND,54.89,km/h,CRITICAL
19:36:25.325,SENSOR-SOIL,SOIL_MOIST,27.93,%,WARNING
19:36:25.325,SENSOR-UV,UV_INDEX,1.48,UV,NORMAL
19:36:25.325,SENSOR-HUMID,HUMIDITY,81.62,%,NORMAL
19:36:25.326,SENSOR-AQI,AQI,180.81,AQI,CRITICAL
19:36:25.328,SENSOR-TEMP,TEMP,20.5,C,NORMAL
19:36:25.328,SENSOR-RAIN,RAINFALL,22.68,mm,NORMAL
19:36:25.329,SENSOR-SOIL,SOIL_MOIST,79.68,%,NORMAL
19:36:25.329,SENSOR-UV,UV_INDEX,4.07,UV,NORMAL
19:36:25.329,SENSOR-WIND,WIND,34.15,km/h,WARNING
19:36:25.329,SENSOR-HUMID,HUMIDITY,59.99,%,NORMAL
19:36:25.330,SENSOR-RAIN,RAINFALL,18.2,mm,NORMAL
19:36:25.330,SENSOR-AQI,AQI,55.76,AQI,NORMAL
19:36:25.331,SENSOR-SOIL,SOIL_MOIST,18.69,%,CRITICAL
19:36:25.333,SENSOR-HUMID,HUMIDITY,93.09,%,CRITICAL
19:36:25.333,SENSOR-RAIN,RAINFALL,22.44,mm,NORMAL
19:36:25.333,SENSOR-TEMP,TEMP,19.06,C,NOTICE
19:36:25.333,SENSOR-WIND,WIND,63.26,km/h,CRITICAL
19:36:25.333,SENSOR-UV,UV_INDEX,1.12,UV,NORMAL
19:36:25.333,SENSOR-AQI,AQI,60.85,AQI,NORMAL
19:36:25.336,SENSOR-UV,UV_INDEX,10.26,UV,CRITICAL
19:36:25.337,SENSOR-TEMP,TEMP,28.26,C,NORMAL
19:36:25.337,SENSOR-WIND,WIND,49.55,km/h,WARNING
19:36:25.337,SENSOR-RAIN,RAINFALL,30.74,mm,CRITICAL
19:36:25.337,SENSOR-SOIL,SOIL_MOIST,11.64,%,CRITICAL
19:36:25.338,SENSOR-AQI,AQI,120.38,AQI,WARNING
19:36:25.338,SENSOR-HUMID,HUMIDITY,65.0,%,NORMAL
19:36:25.339,SENSOR-UV,UV_INDEX,7.94,UV,WARNING
19:36:25.339,SENSOR-SOIL,SOIL_MOIST,11.7,%,CRITICAL
19:36:25.341,SENSOR-HUMID,HUMIDITY,65.26,%,NORMAL
19:36:25.341,SENSOR-SOIL,SOIL_MOIST,73.49,%,NORMAL
19:36:25.341,SENSOR-TEMP,TEMP,28.69,C,NORMAL
19:36:25.341,SENSOR-AQI,AQI,195.13,AQI,CRITICAL
19:36:25.342,SENSOR-WIND,WIND,23.78,km/h,NORMAL
19:36:25.342,SENSOR-RAIN,RAINFALL,34.68,mm,CRITICAL
19:36:25.344,SENSOR-SOIL,SOIL_MOIST,49.53,%,NORMAL
19:36:25.344,SENSOR-HUMID,HUMIDITY,30.22,%,NORMAL
19:36:25.344,SENSOR-TEMP,TEMP,33.41,C,NORMAL
19:36:25.344,SENSOR-AQI,AQI,166.85,AQI,CRITICAL
19:36:25.344,SENSOR-UV,UV_INDEX,9.8,UV,CRITICAL
19:36:25.345,SENSOR-RAIN,RAINFALL,12.0,mm,NORMAL
19:36:25.346,SENSOR-SOIL,SOIL_MOIST,55.74,%,NORMAL
19:36:25.347,SENSOR-HUMID,HUMIDITY,66.36,%,NORMAL
19:36:25.347,SENSOR-TEMP,TEMP,31.02,C,NORMAL
19:36:25.347,SENSOR-WIND,WIND,44.01,km/h,WARNING
19:36:25.347,SENSOR-AQI,AQI,111.68,AQI,WARNING
19:36:25.348,SENSOR-UV,UV_INDEX,3.77,UV,NORMAL
19:36:25.348,SENSOR-TEMP,TEMP,23.39,C,NORMAL
19:36:25.349,SENSOR-RAIN,RAINFALL,14.44,mm,NORMAL
19:36:25.350,SENSOR-HUMID,HUMIDITY,91.75,%,CRITICAL
19:36:25.350,SENSOR-WIND,WIND,5.26,km/h,NORMAL
19:36:25.350,SENSOR-TEMP,TEMP,27.9,C,NORMAL
19:36:25.351,SENSOR-AQI,AQI,58.48,AQI,NORMAL
19:36:25.351,SENSOR-SOIL,SOIL_MOIST,38.92,%,NORMAL
19:36:25.352,SENSOR-HUMID,HUMIDITY,90.0,%,CRITICAL
19:36:25.352,SENSOR-UV,UV_INDEX,11.5,UV,CRITICAL
19:36:25.353,SENSOR-AQI,AQI,195.98,AQI,CRITICAL
19:36:25.353,SENSOR-WIND,WIND,24.43,km/h,NORMAL
19:36:25.355,SENSOR-TEMP,TEMP,39.56,C,CRITICAL
19:36:25.355,SENSOR-RAIN,RAINFALL,40.54,mm,CRITICAL
19:36:25.356,SENSOR-SOIL,SOIL_MOIST,77.13,%,NORMAL
19:36:25.357,SENSOR-AQI,AQI,114.19,AQI,WARNING
19:36:25.357,SENSOR-WIND,WIND,43.04,km/h,WARNING
19:36:25.357,SENSOR-UV,UV_INDEX,0.38,UV,NORMAL
19:36:25.357,SENSOR-HUMID,HUMIDITY,61.07,%,NORMAL
19:36:25.359,SENSOR-RAIN,RAINFALL,9.8,mm,NORMAL
19:36:25.359,SENSOR-SOIL,SOIL_MOIST,44.14,%,NORMAL
19:36:25.359,SENSOR-TEMP,TEMP,24.7,C,NORMAL
19:36:25.359,SENSOR-UV,UV_INDEX,6.9,UV,WARNING
19:36:25.361,SENSOR-WIND,WIND,4.46,km/h,NORMAL
19:36:25.361,SENSOR-HUMID,HUMIDITY,67.77,%,NORMAL
19:36:25.361,SENSOR-AQI,AQI,37.68,AQI,NORMAL
19:36:25.361,SENSOR-UV,UV_INDEX,1.83,UV,NORMAL
19:36:25.363,SENSOR-WIND,WIND,75.02,km/h,CRITICAL
19:36:25.364,SENSOR-SOIL,SOIL_MOIST,11.82,%,CRITICAL
19:36:25.364,SENSOR-RAIN,RAINFALL,13.52,mm,NORMAL
19:36:25.364,SENSOR-TEMP,TEMP,38.26,C,CRITICAL
19:36:25.364,SENSOR-UV,UV_INDEX,8.64,UV,CRITICAL
19:36:25.364,SENSOR-HUMID,HUMIDITY,52.67,%,NORMAL
19:36:25.365,SENSOR-AQI,AQI,193.87,AQI,CRITICAL
19:36:25.368,SENSOR-SOIL,SOIL_MOIST,75.91,%,NORMAL
19:36:25.368,SENSOR-TEMP,TEMP,33.42,C,NORMAL
19:36:25.368,SENSOR-WIND,WIND,53.88,km/h,CRITICAL
19:36:25.369,SENSOR-UV,UV_INDEX,6.94,UV,WARNING
19:36:25.369,SENSOR-RAIN,RAINFALL,1.34,mm,NORMAL
19:36:25.369,SENSOR-HUMID,HUMIDITY,32.34,%,NORMAL
19:36:25.370,SENSOR-AQI,AQI,122.86,AQI,WARNING
19:36:25.370,SENSOR-TEMP,TEMP,38.04,C,CRITICAL
19:36:25.371,SENSOR-WIND,WIND,18.68,km/h,NORMAL
19:36:25.372,SENSOR-AQI,AQI,148.65,AQI,WARNING
19:36:25.372,SENSOR-SOIL,SOIL_MOIST,17.24,%,CRITICAL
19:36:25.373,SENSOR-TEMP,TEMP,33.63,C,NORMAL
19:36:25.373,SENSOR-HUMID,HUMIDITY,53.64,%,NORMAL
19:36:25.373,SENSOR-UV,UV_INDEX,6.74,UV,WARNING
19:36:25.374,SENSOR-RAIN,RAINFALL,37.34,mm,CRITICAL
19:36:25.376,SENSOR-AQI,AQI,52.29,AQI,NORMAL
19:36:25.376,SENSOR-UV,UV_INDEX,7.43,UV,WARNING
19:36:25.376,SENSOR-SOIL,SOIL_MOIST,73.27,%,NORMAL
19:36:25.376,SENSOR-WIND,WIND,12.03,km/h,NORMAL
19:36:25.377,SENSOR-TEMP,TEMP,38.85,C,CRITICAL
19:36:25.378,SENSOR-HUMID,HUMIDITY,90.68,%,CRITICAL
19:36:25.380,SENSOR-RAIN,RAINFALL,5.49,mm,NORMAL
19:36:25.380,SENSOR-WIND,WIND,17.7,km/h,NORMAL
19:36:25.380,SENSOR-UV,UV_INDEX,8.33,UV,CRITICAL
19:36:25.380,SENSOR-SOIL,SOIL_MOIST,31.84,%,WARNING
19:36:25.380,SENSOR-TEMP,TEMP,33.03,C,NORMAL
19:36:25.380,SENSOR-AQI,AQI,138.55,AQI,WARNING
19:36:25.381,SENSOR-UV,UV_INDEX,1.9,UV,NORMAL
19:36:25.382,SENSOR-WIND,WIND,69.18,km/h,CRITICAL
19:36:25.383,SENSOR-HUMID,HUMIDITY,76.38,%,NORMAL
19:36:25.383,SENSOR-RAIN,RAINFALL,27.69,mm,CRITICAL
19:36:25.384,SENSOR-TEMP,TEMP,22.32,C,NORMAL
19:36:25.384,SENSOR-SOIL,SOIL_MOIST,15.22,%,CRITICAL
19:36:25.384,SENSOR-UV,UV_INDEX,7.23,UV,WARNING
19:36:25.385,SENSOR-AQI,AQI,139.91,AQI,WARNING
19:36:25.386,SENSOR-WIND,WIND,50.0,km/h,WARNING
19:36:25.387,SENSOR-SOIL,SOIL_MOIST,28.33,%,WARNING
19:36:25.387,SENSOR-UV,UV_INDEX,8.75,UV,CRITICAL
19:36:25.387,SENSOR-TEMP,TEMP,39.49,C,CRITICAL
19:36:25.388,SENSOR-AQI,AQI,37.76,AQI,NORMAL
19:36:25.388,SENSOR-RAIN,RAINFALL,1.51,mm,NORMAL
19:36:25.388,SENSOR-HUMID,HUMIDITY,75.83,%,NORMAL
19:36:25.389,SENSOR-UV,UV_INDEX,6.73,UV,WARNING
19:36:25.390,SENSOR-RAIN,RAINFALL,34.14,mm,CRITICAL
19:36:25.390,SENSOR-AQI,AQI,129.37,AQI,WARNING
19:36:25.391,SENSOR-SOIL,SOIL_MOIST,73.93,%,NORMAL
19:36:25.391,SENSOR-TEMP,TEMP,24.7,C,NORMAL
19:36:25.391,SENSOR-WIND,WIND,56.42,km/h,CRITICAL
19:36:25.391,SENSOR-UV,UV_INDEX,3.42,UV,NORMAL
19:36:25.391,SENSOR-HUMID,HUMIDITY,70.01,%,NORMAL
19:36:25.392,SENSOR-AQI,AQI,34.63,AQI,NORMAL
19:36:25.393,SENSOR-SOIL,SOIL_MOIST,23.08,%,WARNING
19:36:25.393,SENSOR-HUMID,HUMIDITY,53.05,%,NORMAL
19:36:25.393,SENSOR-RAIN,RAINFALL,49.36,mm,CRITICAL
19:36:25.394,SENSOR-TEMP,TEMP,35.0,C,CRITICAL
19:36:25.395,SENSOR-WIND,WIND,69.71,km/h,CRITICAL
19:36:25.396,SENSOR-UV,UV_INDEX,3.04,UV,NORMAL
19:36:25.397,SENSOR-RAIN,RAINFALL,45.89,mm,CRITICAL
19:36:25.398,SENSOR-HUMID,HUMIDITY,96.23,%,CRITICAL
19:36:25.398,SENSOR-SOIL,SOIL_MOIST,28.89,%,WARNING
19:36:25.398,SENSOR-AQI,AQI,34.26,AQI,NORMAL
19:36:25.399,SENSOR-TEMP,TEMP,28.09,C,NORMAL
19:36:25.399,SENSOR-RAIN,RAINFALL,4.17,mm,NORMAL
19:36:25.399,SENSOR-UV,UV_INDEX,11.14,UV,CRITICAL
19:36:25.399,SENSOR-WIND,WIND,78.25,km/h,CRITICAL
19:36:25.401,SENSOR-WIND,WIND,29.36,km/h,NORMAL
19:36:25.401,SENSOR-AQI,AQI,96.81,AQI,NORMAL
19:36:25.402,SENSOR-SOIL,SOIL_MOIST,11.76,%,CRITICAL
19:36:25.402,SENSOR-TEMP,TEMP,27.21,C,NORMAL
19:36:25.403,SENSOR-WIND,WIND,55.01,km/h,CRITICAL
19:36:25.403,SENSOR-HUMID,HUMIDITY,90.71,%,CRITICAL
19:36:25.404,SENSOR-AQI,AQI,49.76,AQI,NORMAL
19:36:25.404,SENSOR-TEMP,TEMP,31.56,C,NORMAL
19:36:25.404,SENSOR-UV,UV_INDEX,7.06,UV,WARNING
19:36:25.404,SENSOR-RAIN,RAINFALL,1.7,mm,NORMAL
19:36:25.405,SENSOR-SOIL,SOIL_MOIST,74.37,%,NORMAL
19:36:25.406,SENSOR-WIND,WIND,6.2,km/h,NORMAL
19:36:25.407,SENSOR-AQI,AQI,147.65,AQI,WARNING
19:36:25.407,SENSOR-TEMP,TEMP,38.93,C,CRITICAL
19:36:25.407,SENSOR-UV,UV_INDEX,6.45,UV,WARNING
19:36:25.408,SENSOR-HUMID,HUMIDITY,47.38,%,NORMAL
19:36:25.408,SENSOR-RAIN,RAINFALL,16.38,mm,NORMAL
19:36:25.409,SENSOR-SOIL,SOIL_MOIST,23.23,%,WARNING
19:36:25.409,SENSOR-TEMP,TEMP,24.56,C,NORMAL
19:36:25.410,SENSOR-UV,UV_INDEX,9.76,UV,CRITICAL
19:36:25.410,SENSOR-HUMID,HUMIDITY,95.37,%,CRITICAL
19:36:25.411,SENSOR-HUMID,HUMIDITY,96.04,%,CRITICAL
19:36:25.411,SENSOR-SOIL,SOIL_MOIST,31.87,%,WARNING
19:36:25.411,SENSOR-WIND,WIND,78.5,km/h,CRITICAL
19:36:25.411,SENSOR-AQI,AQI,42.06,AQI,NORMAL
19:36:25.411,SENSOR-TEMP,TEMP,33.25,C,NORMAL
19:36:25.411,SENSOR-RAIN,RAINFALL,37.93,mm,CRITICAL
19:36:25.413,SENSOR-HUMID,HUMIDITY,33.51,%,NORMAL
19:36:25.413,SENSOR-WIND,WIND,21.39,km/h,NORMAL
19:36:25.413,SENSOR-UV,UV_INDEX,9.91,UV,CRITICAL
19:36:25.413,SENSOR-AQI,AQI,92.25,AQI,NORMAL
19:36:25.415,SENSOR-SOIL,SOIL_MOIST,14.25,%,CRITICAL
19:36:25.415,SENSOR-WIND,WIND,55.05,km/h,CRITICAL
19:36:25.415,SENSOR-UV,UV_INDEX,2.29,UV,NORMAL
19:36:25.416,SENSOR-RAIN,RAINFALL,41.18,mm,CRITICAL
19:36:25.416,SENSOR-TEMP,TEMP,33.49,C,NORMAL
19:36:25.417,SENSOR-AQI,AQI,136.23,AQI,WARNING
19:36:25.418,SENSOR-SOIL,SOIL_MOIST,32.84,%,WARNING
19:36:25.418,SENSOR-WIND,WIND,76.5,km/h,CRITICAL
19:36:25.418,SENSOR-HUMID,HUMIDITY,34.05,%,NORMAL
19:36:25.418,SENSOR-UV,UV_INDEX,4.62,UV,NORMAL
19:36:25.420,SENSOR-SOIL,SOIL_MOIST,34.08,%,WARNING
19:36:25.420,SENSOR-HUMID,HUMIDITY,40.29,%,NORMAL
19:36:25.421,SENSOR-AQI,AQI,185.92,AQI,CRITICAL
19:36:25.421,SENSOR-UV,UV_INDEX,3.43,UV,NORMAL
19:36:25.421,SENSOR-RAIN,RAINFALL,28.96,mm,CRITICAL
19:36:25.421,SENSOR-TEMP,TEMP,19.72,C,NOTICE
19:36:25.422,SENSOR-SOIL,SOIL_MOIST,78.1,%,NORMAL
19:36:25.422,SENSOR-HUMID,HUMIDITY,76.2,%,NORMAL
19:36:25.422,SENSOR-WIND,WIND,42.51,km/h,WARNING
19:36:25.423,SENSOR-RAIN,RAINFALL,25.73,mm,CRITICAL
19:36:25.424,SENSOR-UV,UV_INDEX,0.67,UV,NORMAL
19:36:25.424,SENSOR-TEMP,TEMP,23.4,C,NORMAL
19:36:25.424,SENSOR-AQI,AQI,146.4,AQI,WARNING
19:36:25.425,SENSOR-WIND,WIND,2.41,km/h,NORMAL
19:36:25.426,SENSOR-RAIN,RAINFALL,29.52,mm,CRITICAL
19:36:25.426,SENSOR-SOIL,SOIL_MOIST,72.38,%,NORMAL
19:36:25.426,SENSOR-UV,UV_INDEX,5.78,UV,NORMAL
19:36:25.428,SENSOR-HUMID,HUMIDITY,36.51,%,NORMAL
19:36:25.428,SENSOR-AQI,AQI,189.1,AQI,CRITICAL
19:36:25.428,SENSOR-TEMP,TEMP,33.65,C,NORMAL
19:36:25.430,SENSOR-HUMID,HUMIDITY,39.5,%,NORMAL
19:36:25.430,SENSOR-SOIL,SOIL_MOIST,49.96,%,NORMAL
19:36:25.430,SENSOR-RAIN,RAINFALL,47.32,mm,CRITICAL
19:36:25.430,SENSOR-WIND,WIND,36.5,km/h,WARNING
19:36:25.430,SENSOR-UV,UV_INDEX,3.76,UV,NORMAL
19:36:25.432,SENSOR-WIND,WIND,57.1,km/h,CRITICAL
19:36:25.432,SENSOR-TEMP,TEMP,37.53,C,CRITICAL
19:36:25.433,SENSOR-AQI,AQI,93.02,AQI,NORMAL
19:36:25.434,SENSOR-RAIN,RAINFALL,1.78,mm,NORMAL
19:36:25.434,SENSOR-TEMP,TEMP,20.6,C,NORMAL
19:36:25.434,SENSOR-HUMID,HUMIDITY,64.97,%,NORMAL
19:36:25.435,SENSOR-SOIL,SOIL_MOIST,68.74,%,NORMAL
19:36:25.435,SENSOR-UV,UV_INDEX,9.25,UV,CRITICAL
19:36:25.435,SENSOR-AQI,AQI,160.76,AQI,CRITICAL
19:36:25.436,SENSOR-WIND,WIND,68.58,km/h,CRITICAL
19:36:25.437,SENSOR-SOIL,SOIL_MOIST,28.84,%,WARNING
19:36:25.437,SENSOR-HUMID,HUMIDITY,41.9,%,NORMAL
19:36:25.438,SENSOR-UV,UV_INDEX,10.16,UV,CRITICAL
19:36:25.439,SENSOR-TEMP,TEMP,27.35,C,NORMAL
19:36:25.439,SENSOR-RAIN,RAINFALL,1.84,mm,NORMAL
19:36:25.440,SENSOR-HUMID,HUMIDITY,43.94,%,NORMAL
19:36:25.441,SENSOR-AQI,AQI,25.87,AQI,NORMAL
19:36:25.441,SENSOR-WIND,WIND,75.53,km/h,CRITICAL
19:36:25.441,SENSOR-UV,UV_INDEX,10.96,UV,CRITICAL
19:36:25.441,SENSOR-TEMP,TEMP,27.94,C,NORMAL
19:36:25.442,SENSOR-SOIL,SOIL_MOIST,11.08,%,CRITICAL
19:36:25.443,SENSOR-RAIN,RAINFALL,14.82,mm,NORMAL
19:36:25.444,SENSOR-AQI,AQI,170.86,AQI,CRITICAL
19:36:25.444,SENSOR-HUMID,HUMIDITY,49.67,%,NORMAL
19:36:25.444,SENSOR-SOIL,SOIL_MOIST,58.76,%,NORMAL
19:36:25.445,SENSOR-TEMP,TEMP,33.49,C,NORMAL
19:36:25.446,SENSOR-UV,UV_INDEX,3.72,UV,NORMAL
19:36:25.446,SENSOR-WIND,WIND,56.75,km/h,CRITICAL
19:36:25.447,SENSOR-HUMID,HUMIDITY,51.75,%,NORMAL
19:36:25.447,SENSOR-RAIN,RAINFALL,8.37,mm,NORMAL
19:36:25.448,SENSOR-UV,UV_INDEX,11.53,UV,CRITICAL
19:36:25.448,SENSOR-WIND,WIND,15.67,km/h,NORMAL
19:36:25.449,SENSOR-SOIL,SOIL_MOIST,15.35,%,CRITICAL
19:36:25.449,SENSOR-AQI,AQI,20.92,AQI,NORMAL
19:36:25.449,SENSOR-HUMID,HUMIDITY,87.98,%,CRITICAL
19:36:25.450,SENSOR-UV,UV_INDEX,4.33,UV,NORMAL
19:36:25.450,SENSOR-RAIN,RAINFALL,17.71,mm,NORMAL
19:36:25.450,SENSOR-TEMP,TEMP,30.02,C,NORMAL
19:36:25.451,SENSOR-UV,UV_INDEX,10.47,UV,CRITICAL
19:36:25.451,SENSOR-RAIN,RAINFALL,40.17,mm,CRITICAL
19:36:25.451,SENSOR-HUMID,HUMIDITY,93.8,%,CRITICAL
19:36:25.451,SENSOR-AQI,AQI,138.17,AQI,WARNING
19:36:25.453,SENSOR-TEMP,TEMP,35.77,C,CRITICAL
19:36:25.453,SENSOR-AQI,AQI,127.98,AQI,WARNING
19:36:25.453,SENSOR-WIND,WIND,37.34,km/h,WARNING
19:36:25.455,SENSOR-TEMP,TEMP,38.0,C,CRITICAL
19:36:25.455,SENSOR-HUMID,HUMIDITY,88.02,%,CRITICAL
19:36:25.455,SENSOR-SOIL,SOIL_MOIST,49.77,%,NORMAL
19:36:25.456,SENSOR-RAIN,RAINFALL,19.82,mm,NORMAL
19:36:25.456,SENSOR-UV,UV_INDEX,4.4,UV,NORMAL
19:36:25.457,SENSOR-AQI,AQI,53.45,AQI,NORMAL
19:36:25.458,SENSOR-WIND,WIND,68.4,km/h,CRITICAL
19:36:25.458,SENSOR-TEMP,TEMP,20.16,C,NORMAL
19:36:25.459,SENSOR-AQI,AQI,39.77,AQI,NORMAL
19:36:25.460,SENSOR-SOIL,SOIL_MOIST,60.69,%,NORMAL
19:36:25.460,SENSOR-HUMID,HUMIDITY,37.96,%,NORMAL
19:36:25.461,SENSOR-WIND,WIND,72.69,km/h,CRITICAL
19:36:25.461,SENSOR-AQI,AQI,150.96,AQI,CRITICAL
19:36:25.461,SENSOR-UV,UV_INDEX,2.28,UV,NORMAL
19:36:25.461,SENSOR-RAIN,RAINFALL,43.86,mm,CRITICAL
19:36:25.461,SENSOR-TEMP,TEMP,21.03,C,NORMAL
19:36:25.462,SENSOR-HUMID,HUMIDITY,62.25,%,NORMAL
19:36:25.463,SENSOR-TEMP,TEMP,19.45,C,NOTICE
19:36:25.463,SENSOR-RAIN,RAINFALL,40.93,mm,CRITICAL
19:36:25.464,SENSOR-UV,UV_INDEX,0.23,UV,NORMAL
19:36:25.464,SENSOR-SOIL,SOIL_MOIST,66.06,%,NORMAL
19:36:25.465,SENSOR-RAIN,RAINFALL,47.41,mm,CRITICAL
19:36:25.466,SENSOR-HUMID,HUMIDITY,46.88,%,NORMAL
19:36:25.466,SENSOR-WIND,WIND,53.12,km/h,CRITICAL
19:36:25.466,SENSOR-AQI,AQI,26.95,AQI,NORMAL
19:36:25.468,SENSOR-HUMID,HUMIDITY,52.35,%,NORMAL
19:36:25.468,SENSOR-SOIL,SOIL_MOIST,66.61,%,NORMAL
19:36:25.469,SENSOR-UV,UV_INDEX,10.16,UV,CRITICAL
19:36:25.469,SENSOR-RAIN,RAINFALL,4.99,mm,NORMAL
19:36:25.469,SENSOR-TEMP,TEMP,21.64,C,NORMAL
19:36:25.470,SENSOR-WIND,WIND,24.77,km/h,NORMAL
19:36:25.471,SENSOR-HUMID,HUMIDITY,47.54,%,NORMAL
19:36:25.471,SENSOR-AQI,AQI,83.75,AQI,NORMAL
19:36:25.472,SENSOR-WIND,WIND,13.31,km/h,NORMAL
19:36:25.472,SENSOR-UV,UV_INDEX,3.86,UV,NORMAL
19:36:25.472,SENSOR-SOIL,SOIL_MOIST,64.76,%,NORMAL
19:36:25.472,SENSOR-AQI,AQI,171.76,AQI,CRITICAL
19:36:25.474,SENSOR-HUMID,HUMIDITY,69.49,%,NORMAL
19:36:25.474,SENSOR-RAIN,RAINFALL,37.79,mm,CRITICAL
19:36:25.474,SENSOR-TEMP,TEMP,18.52,C,NOTICE
19:36:25.476,SENSOR-SOIL,SOIL_MOIST,57.48,%,NORMAL
19:36:25.476,SENSOR-RAIN,RAINFALL,15.14,mm,NORMAL
19:36:25.476,SENSOR-AQI,AQI,139.08,AQI,WARNING
19:36:25.477,SENSOR-TEMP,TEMP,22.81,C,NORMAL
19:36:25.477,SENSOR-UV,UV_INDEX,3.16,UV,NORMAL
19:36:25.477,SENSOR-WIND,WIND,74.75,km/h,CRITICAL
19:36:25.479,SENSOR-SOIL,SOIL_MOIST,18.74,%,CRITICAL
19:36:25.479,SENSOR-UV,UV_INDEX,10.6,UV,CRITICAL
19:36:25.479,SENSOR-RAIN,RAINFALL,5.45,mm,NORMAL
19:36:25.479,SENSOR-HUMID,HUMIDITY,42.91,%,NORMAL
19:36:25.481,SENSOR-UV,UV_INDEX,2.97,UV,NORMAL
19:36:25.481,SENSOR-TEMP,TEMP,21.87,C,NORMAL
19:36:25.481,SENSOR-WIND,WIND,52.96,km/h,CRITICAL
19:36:25.481,SENSOR-AQI,AQI,54.6,AQI,NORMAL
19:36:25.484,SENSOR-AQI,AQI,110.23,AQI,WARNING
19:36:25.484,SENSOR-SOIL,SOIL_MOIST,57.65,%,NORMAL
19:36:25.484,SENSOR-RAIN,RAINFALL,37.7,mm,CRITICAL
19:36:25.484,SENSOR-HUMID,HUMIDITY,84.91,%,NORMAL
19:36:25.484,SENSOR-WIND,WIND,41.38,km/h,WARNING
19:36:25.484,SENSOR-UV,UV_INDEX,0.39,UV,NORMAL
19:36:25.484,SENSOR-TEMP,TEMP,35.43,C,CRITICAL
19:36:25.487,SENSOR-TEMP,TEMP,37.9,C,CRITICAL
19:36:25.487,SENSOR-RAIN,RAINFALL,0.34,mm,NORMAL
19:36:25.487,SENSOR-UV,UV_INDEX,7.04,UV,WARNING
19:36:25.488,SENSOR-AQI,AQI,104.2,AQI,WARNING
19:36:25.488,SENSOR-WIND,WIND,8.74,km/h,NORMAL
19:36:25.489,SENSOR-SOIL,SOIL_MOIST,13.18,%,CRITICAL
19:36:25.489,SENSOR-HUMID,HUMIDITY,37.67,%,NORMAL
19:36:25.490,SENSOR-UV,UV_INDEX,2.85,UV,NORMAL
19:36:25.490,SENSOR-RAIN,RAINFALL,21.71,mm,NORMAL
19:36:25.492,SENSOR-HUMID,HUMIDITY,67.66,%,NORMAL
19:36:25.492,SENSOR-AQI,AQI,130.77,AQI,WARNING
19:36:25.492,SENSOR-TEMP,TEMP,39.14,C,CRITICAL
19:36:25.493,SENSOR-SOIL,SOIL_MOIST,17.29,%,CRITICAL
19:36:25.493,SENSOR-WIND,WIND,39.11,km/h,WARNING
19:36:25.494,SENSOR-TEMP,TEMP,30.11,C,NORMAL
19:36:25.494,SENSOR-UV,UV_INDEX,2.17,UV,NORMAL
19:36:25.494,SENSOR-AQI,AQI,93.72,AQI,NORMAL
19:36:25.495,SENSOR-RAIN,RAINFALL,43.87,mm,CRITICAL
19:36:25.496,SENSOR-UV,UV_INDEX,9.27,UV,CRITICAL
19:36:25.497,SENSOR-HUMID,HUMIDITY,48.7,%,NORMAL
19:36:25.498,SENSOR-SOIL,SOIL_MOIST,70.7,%,NORMAL
19:36:25.498,SENSOR-TEMP,TEMP,41.17,C,CRITICAL
19:36:25.498,SENSOR-WIND,WIND,43.81,km/h,WARNING
19:36:25.499,SENSOR-HUMID,HUMIDITY,56.35,%,NORMAL
19:36:25.499,SENSOR-SOIL,SOIL_MOIST,19.92,%,CRITICAL
19:36:25.499,SENSOR-RAIN,RAINFALL,38.66,mm,CRITICAL
19:36:25.499,SENSOR-WIND,WIND,19.64,km/h,NORMAL
19:36:25.499,SENSOR-AQI,AQI,53.54,AQI,NORMAL
19:36:25.500,SENSOR-UV,UV_INDEX,10.64,UV,CRITICAL
19:36:25.501,SENSOR-TEMP,TEMP,34.02,C,NORMAL
19:36:25.501,SENSOR-HUMID,HUMIDITY,47.93,%,NORMAL
19:36:25.502,SENSOR-RAIN,RAINFALL,39.7,mm,CRITICAL
19:36:25.502,SENSOR-AQI,AQI,173.53,AQI,CRITICAL
19:36:25.502,SENSOR-SOIL,SOIL_MOIST,30.27,%,WARNING
19:36:25.502,SENSOR-WIND,WIND,42.64,km/h,WARNING
19:36:25.503,SENSOR-HUMID,HUMIDITY,66.23,%,NORMAL
19:36:25.504,SENSOR-TEMP,TEMP,31.1,C,NORMAL
19:36:25.505,SENSOR-UV,UV_INDEX,11.92,UV,CRITICAL
19:36:25.505,SENSOR-HUMID,HUMIDITY,58.77,%,NORMAL
19:36:25.505,SENSOR-SOIL,SOIL_MOIST,23.9,%,WARNING
19:36:25.505,SENSOR-WIND,WIND,58.52,km/h,CRITICAL
19:36:25.505,SENSOR-AQI,AQI,169.56,AQI,CRITICAL
19:36:25.507,SENSOR-WIND,WIND,74.45,km/h,CRITICAL
19:36:25.507,SENSOR-AQI,AQI,174.2,AQI,CRITICAL
19:36:25.507,SENSOR-RAIN,RAINFALL,2.4,mm,NORMAL
19:36:25.507,SENSOR-TEMP,TEMP,32.52,C,NORMAL
19:36:25.507,SENSOR-SOIL,SOIL_MOIST,32.8,%,WARNING
19:36:25.508,SENSOR-HUMID,HUMIDITY,54.52,%,NORMAL
19:36:25.508,SENSOR-UV,UV_INDEX,2.7,UV,NORMAL
19:36:25.509,SENSOR-SOIL,SOIL_MOIST,78.62,%,NORMAL
19:36:25.509,SENSOR-RAIN,RAINFALL,3.6,mm,NORMAL
19:36:25.511,SENSOR-AQI,AQI,84.67,AQI,NORMAL
19:36:25.511,SENSOR-UV,UV_INDEX,5.69,UV,NORMAL
19:36:25.511,SENSOR-RAIN,RAINFALL,47.43,mm,CRITICAL
19:36:25.512,SENSOR-TEMP,TEMP,32.85,C,NORMAL
19:36:25.512,SENSOR-WIND,WIND,15.15,km/h,NORMAL
19:36:25.513,SENSOR-SOIL,SOIL_MOIST,18.94,%,CRITICAL
19:36:25.513,SENSOR-HUMID,HUMIDITY,60.43,%,NORMAL
19:36:25.513,SENSOR-UV,UV_INDEX,0.26,UV,NORMAL
19:36:25.513,SENSOR-AQI,AQI,145.76,AQI,WARNING
19:36:25.514,SENSOR-RAIN,RAINFALL,39.89,mm,CRITICAL
19:36:25.514,SENSOR-WIND,WIND,23.68,km/h,NORMAL
19:36:25.515,SENSOR-SOIL,SOIL_MOIST,60.66,%,NORMAL
19:36:25.515,SENSOR-UV,UV_INDEX,1.66,UV,NORMAL
19:36:25.515,SENSOR-AQI,AQI,88.79,AQI,NORMAL
19:36:25.516,SENSOR-WIND,WIND,44.25,km/h,WARNING
19:36:25.516,SENSOR-RAIN,RAINFALL,39.44,mm,CRITICAL
19:36:25.516,SENSOR-SOIL,SOIL_MOIST,68.83,%,NORMAL
19:36:25.517,SENSOR-TEMP,TEMP,18.5,C,NOTICE
19:36:25.517,SENSOR-UV,UV_INDEX,9.46,UV,CRITICAL
19:36:25.517,SENSOR-AQI,AQI,110.92,AQI,WARNING
19:36:25.518,SENSOR-HUMID,HUMIDITY,78.36,%,NORMAL
19:36:25.518,SENSOR-WIND,WIND,46.5,km/h,WARNING
19:36:25.520,SENSOR-UV,UV_INDEX,11.14,UV,CRITICAL
19:36:25.520,SENSOR-TEMP,TEMP,41.95,C,CRITICAL
19:36:25.521,SENSOR-HUMID,HUMIDITY,32.47,%,NORMAL
19:36:25.521,SENSOR-SOIL,SOIL_MOIST,40.37,%,NORMAL
19:36:25.521,SENSOR-RAIN,RAINFALL,13.91,mm,NORMAL
19:36:25.522,SENSOR-RAIN,RAINFALL,30.63,mm,CRITICAL
19:36:25.522,SENSOR-AQI,AQI,28.09,AQI,NORMAL
19:36:25.523,SENSOR-WIND,WIND,58.96,km/h,CRITICAL
19:36:25.523,SENSOR-TEMP,TEMP,25.03,C,NORMAL
19:36:25.524,SENSOR-HUMID,HUMIDITY,37.66,%,NORMAL
19:36:25.524,SENSOR-SOIL,SOIL_MOIST,16.37,%,CRITICAL
19:36:25.525,SENSOR-WIND,WIND,14.91,km/h,NORMAL
19:36:25.525,SENSOR-RAIN,RAINFALL,7.13,mm,NORMAL
19:36:25.525,SENSOR-UV,UV_INDEX,3.68,UV,NORMAL
19:36:25.525,SENSOR-HUMID,HUMIDITY,94.51,%,CRITICAL
19:36:25.525,SENSOR-TEMP,TEMP,21.01,C,NORMAL
19:36:25.525,SENSOR-AQI,AQI,179.82,AQI,CRITICAL
19:36:25.526,SENSOR-SOIL,SOIL_MOIST,72.16,%,NORMAL
19:36:25.528,SENSOR-AQI,AQI,107.48,AQI,WARNING
19:36:25.528,SENSOR-WIND,WIND,4.74,km/h,NORMAL
19:36:25.529,SENSOR-TEMP,TEMP,39.19,C,CRITICAL
19:36:25.529,SENSOR-WIND,WIND,55.3,km/h,CRITICAL
19:36:25.529,SENSOR-SOIL,SOIL_MOIST,39.4,%,NORMAL
19:36:25.529,SENSOR-UV,UV_INDEX,5.45,UV,NORMAL
19:36:25.529,SENSOR-RAIN,RAINFALL,29.75,mm,CRITICAL
19:36:25.530,SENSOR-HUMID,HUMIDITY,35.7,%,NORMAL
19:36:25.531,SENSOR-UV,UV_INDEX,7.8,UV,WARNING
19:36:25.532,SENSOR-WIND,WIND,31.08,km/h,WARNING
19:36:25.532,SENSOR-TEMP,TEMP,23.22,C,NORMAL
19:36:25.532,SENSOR-AQI,AQI,90.77,AQI,NORMAL
19:36:25.533,SENSOR-SOIL,SOIL_MOIST,38.65,%,NORMAL
19:36:25.534,SENSOR-TEMP,TEMP,39.15,C,CRITICAL
19:36:25.534,SENSOR-RAIN,RAINFALL,47.74,mm,CRITICAL
19:36:25.534,SENSOR-AQI,AQI,41.6,AQI,NORMAL
19:36:25.534,SENSOR-HUMID,HUMIDITY,32.85,%,NORMAL
19:36:25.534,SENSOR-UV,UV_INDEX,8.05,UV,CRITICAL
19:36:25.535,SENSOR-SOIL,SOIL_MOIST,77.75,%,NORMAL
19:36:25.537,SENSOR-WIND,WIND,40.36,km/h,WARNING
19:36:25.537,SENSOR-AQI,AQI,50.64,AQI,NORMAL
19:36:25.537,SENSOR-TEMP,TEMP,30.65,C,NORMAL
19:36:25.537,SENSOR-RAIN,RAINFALL,32.06,mm,CRITICAL
19:36:25.538,SENSOR-SOIL,SOIL_MOIST,22.62,%,WARNING
19:36:25.538,SENSOR-HUMID,HUMIDITY,70.37,%,NORMAL
19:36:25.539,SENSOR-UV,UV_INDEX,7.33,UV,WARNING
19:36:25.540,SENSOR-SOIL,SOIL_MOIST,21.67,%,WARNING
19:36:25.540,SENSOR-AQI,AQI,158.21,AQI,CRITICAL
19:36:25.541,SENSOR-RAIN,RAINFALL,16.47,mm,NORMAL
19:36:25.541,SENSOR-TEMP,TEMP,18.32,C,NOTICE
19:36:25.542,SENSOR-HUMID,HUMIDITY,51.23,%,NORMAL
19:36:25.542,SENSOR-UV,UV_INDEX,10.8,UV,CRITICAL
19:36:25.542,SENSOR-AQI,AQI,69.32,AQI,NORMAL
19:36:25.542,SENSOR-RAIN,RAINFALL,25.65,mm,CRITICAL
19:36:25.542,SENSOR-WIND,WIND,69.62,km/h,CRITICAL
19:36:25.543,SENSOR-SOIL,SOIL_MOIST,57.31,%,NORMAL
19:36:25.543,SENSOR-TEMP,TEMP,28.21,C,NORMAL
19:36:25.544,SENSOR-AQI,AQI,142.8,AQI,WARNING
19:36:25.546,SENSOR-HUMID,HUMIDITY,99.01,%,CRITICAL
19:36:25.546,SENSOR-RAIN,RAINFALL,12.43,mm,NORMAL
19:36:25.548,SENSOR-WIND,WIND,65.95,km/h,CRITICAL
19:36:25.548,SENSOR-HUMID,HUMIDITY,37.5,%,NORMAL
19:36:25.548,SENSOR-UV,UV_INDEX,7.23,UV,WARNING
19:36:25.548,SENSOR-TEMP,TEMP,25.7,C,NORMAL
19:36:25.548,SENSOR-SOIL,SOIL_MOIST,14.72,%,CRITICAL
19:36:25.548,SENSOR-AQI,AQI,71.16,AQI,NORMAL
19:36:25.550,SENSOR-RAIN,RAINFALL,49.47,mm,CRITICAL
19:36:25.550,SENSOR-AQI,AQI,195.84,AQI,CRITICAL
19:36:25.552,SENSOR-SOIL,SOIL_MOIST,66.15,%,NORMAL
19:36:25.552,SENSOR-UV,UV_INDEX,11.86,UV,CRITICAL
19:36:25.552,SENSOR-HUMID,HUMIDITY,92.13,%,CRITICAL
19:36:25.552,SENSOR-WIND,WIND,3.52,km/h,NORMAL
19:36:25.553,SENSOR-RAIN,RAINFALL,32.0,mm,CRITICAL
19:36:25.553,SENSOR-TEMP,TEMP,26.21,C,NORMAL
19:36:25.553,SENSOR-AQI,AQI,114.0,AQI,WARNING
19:36:25.555,SENSOR-SOIL,SOIL_MOIST,28.12,%,WARNING
19:36:25.555,SENSOR-HUMID,HUMIDITY,84.19,%,NORMAL
19:36:25.557,SENSOR-AQI,AQI,134.58,AQI,WARNING
19:36:25.557,SENSOR-WIND,WIND,55.57,km/h,CRITICAL
19:36:25.557,SENSOR-UV,UV_INDEX,0.37,UV,NORMAL
19:36:25.557,SENSOR-TEMP,TEMP,24.6,C,NORMAL
19:36:25.557,SENSOR-RAIN,RAINFALL,16.6,mm,NORMAL
19:36:25.559,SENSOR-TEMP,TEMP,34.46,C,NORMAL
19:36:25.559,SENSOR-SOIL,SOIL_MOIST,41.55,%,NORMAL
19:36:25.560,SENSOR-WIND,WIND,19.4,km/h,NORMAL
19:36:25.560,SENSOR-UV,UV_INDEX,10.91,UV,CRITICAL
19:36:25.560,SENSOR-HUMID,HUMIDITY,48.09,%,NORMAL
19:36:25.560,SENSOR-RAIN,RAINFALL,43.57,mm,CRITICAL
19:36:25.561,SENSOR-SOIL,SOIL_MOIST,62.6,%,NORMAL
19:36:25.561,SENSOR-AQI,AQI,46.56,AQI,NORMAL
19:36:25.563,SENSOR-WIND,WIND,58.61,km/h,CRITICAL
19:36:25.563,SENSOR-RAIN,RAINFALL,21.88,mm,NORMAL
19:36:25.563,SENSOR-HUMID,HUMIDITY,63.67,%,NORMAL
19:36:25.564,SENSOR-TEMP,TEMP,18.26,C,NOTICE
19:36:25.564,SENSOR-AQI,AQI,48.54,AQI,NORMAL
19:36:25.566,SENSOR-SOIL,SOIL_MOIST,45.01,%,NORMAL
19:36:25.566,SENSOR-RAIN,RAINFALL,7.94,mm,NORMAL
19:36:25.566,SENSOR-UV,UV_INDEX,2.73,UV,NORMAL
19:36:25.567,SENSOR-TEMP,TEMP,25.77,C,NORMAL
19:36:25.568,SENSOR-AQI,AQI,111.41,AQI,WARNING
19:36:25.568,SENSOR-WIND,WIND,74.48,km/h,CRITICAL
19:36:25.568,SENSOR-HUMID,HUMIDITY,61.66,%,NORMAL
19:36:25.569,SENSOR-TEMP,TEMP,30.28,C,NORMAL
19:36:25.569,SENSOR-WIND,WIND,2.21,km/h,NORMAL
19:36:25.570,SENSOR-SOIL,SOIL_MOIST,66.03,%,NORMAL
19:36:25.570,SENSOR-HUMID,HUMIDITY,52.98,%,NORMAL
19:36:25.571,SENSOR-WIND,WIND,7.71,km/h,NORMAL
19:36:25.572,SENSOR-RAIN,RAINFALL,48.27,mm,CRITICAL
19:36:25.572,SENSOR-UV,UV_INDEX,0.08,UV,NORMAL
19:36:25.573,SENSOR-HUMID,HUMIDITY,71.27,%,NORMAL
19:36:25.573,SENSOR-AQI,AQI,70.07,AQI,NORMAL
19:36:25.573,SENSOR-WIND,WIND,24.15,km/h,NORMAL
19:36:25.573,SENSOR-TEMP,TEMP,23.01,C,NORMAL
19:36:25.574,SENSOR-WIND,WIND,63.21,km/h,CRITICAL
19:36:25.574,SENSOR-SOIL,SOIL_MOIST,66.3,%,NORMAL
19:36:25.576,SENSOR-TEMP,TEMP,40.96,C,CRITICAL
19:36:25.576,SENSOR-WIND,WIND,51.87,km/h,CRITICAL
19:36:25.576,SENSOR-UV,UV_INDEX,9.48,UV,CRITICAL
19:36:25.576,SENSOR-AQI,AQI,20.38,AQI,NORMAL
19:36:25.576,SENSOR-HUMID,HUMIDITY,71.64,%,NORMAL
19:36:25.576,SENSOR-RAIN,RAINFALL,31.12,mm,CRITICAL
19:36:25.577,SENSOR-WIND,WIND,47.65,km/h,WARNING
19:36:25.577,SENSOR-AQI,AQI,145.87,AQI,WARNING
19:36:25.578,SENSOR-TEMP,TEMP,39.31,C,CRITICAL
19:36:25.578,SENSOR-SOIL,SOIL_MOIST,27.51,%,WARNING
19:36:25.581,SENSOR-HUMID,HUMIDITY,44.66,%,NORMAL
19:36:25.581,SENSOR-UV,UV_INDEX,10.22,UV,CRITICAL
19:36:25.581,SENSOR-RAIN,RAINFALL,40.38,mm,CRITICAL
19:36:25.581,SENSOR-WIND,WIND,29.4,km/h,NORMAL
19:36:25.581,SENSOR-TEMP,TEMP,24.78,C,NORMAL
19:36:25.582,SENSOR-AQI,AQI,50.91,AQI,NORMAL
19:36:25.582,SENSOR-SOIL,SOIL_MOIST,62.13,%,NORMAL
19:36:25.583,SENSOR-UV,UV_INDEX,7.85,UV,WARNING
19:36:25.583,SENSOR-RAIN,RAINFALL,16.95,mm,NORMAL
19:36:25.584,SENSOR-TEMP,TEMP,28.49,C,NORMAL
19:36:25.584,SENSOR-WIND,WIND,24.64,km/h,NORMAL
19:36:25.585,SENSOR-HUMID,HUMIDITY,55.14,%,NORMAL
19:36:25.585,SENSOR-SOIL,SOIL_MOIST,40.42,%,NORMAL
19:36:25.585,SENSOR-AQI,AQI,166.98,AQI,CRITICAL
19:36:25.585,SENSOR-RAIN,RAINFALL,35.13,mm,CRITICAL
19:36:25.587,SENSOR-TEMP,TEMP,26.3,C,NORMAL
19:36:25.587,SENSOR-UV,UV_INDEX,1.64,UV,NORMAL
19:36:25.587,SENSOR-WIND,WIND,30.51,km/h,WARNING
19:36:25.588,SENSOR-HUMID,HUMIDITY,50.04,%,NORMAL
19:36:25.589,SENSOR-SOIL,SOIL_MOIST,63.69,%,NORMAL
19:36:25.590,SENSOR-AQI,AQI,80.48,AQI,NORMAL
19:36:25.590,SENSOR-RAIN,RAINFALL,29.1,mm,CRITICAL
19:36:25.591,SENSOR-UV,UV_INDEX,2.62,UV,NORMAL
19:36:25.591,SENSOR-HUMID,HUMIDITY,92.05,%,CRITICAL
19:36:25.591,SENSOR-WIND,WIND,60.11,km/h,CRITICAL
19:36:25.591,SENSOR-TEMP,TEMP,21.34,C,NORMAL
19:36:25.593,SENSOR-RAIN,RAINFALL,4.26,mm,NORMAL
19:36:25.593,SENSOR-AQI,AQI,106.8,AQI,WARNING
19:36:25.593,SENSOR-SOIL,SOIL_MOIST,18.29,%,CRITICAL
19:36:25.594,SENSOR-WIND,WIND,61.24,km/h,CRITICAL
19:36:25.595,SENSOR-TEMP,TEMP,41.44,C,CRITICAL
19:36:25.595,SENSOR-UV,UV_INDEX,0.56,UV,NORMAL
19:36:25.595,SENSOR-HUMID,HUMIDITY,95.29,%,CRITICAL
19:36:25.597,SENSOR-UV,UV_INDEX,10.04,UV,CRITICAL
19:36:25.597,SENSOR-RAIN,RAINFALL,45.23,mm,CRITICAL
19:36:25.597,SENSOR-AQI,AQI,82.21,AQI,NORMAL
19:36:25.597,SENSOR-WIND,WIND,26.83,km/h,NORMAL
19:36:25.597,SENSOR-TEMP,TEMP,21.09,C,NORMAL
19:36:25.597,SENSOR-SOIL,SOIL_MOIST,77.24,%,NORMAL
19:36:25.598,SENSOR-HUMID,HUMIDITY,81.03,%,NORMAL
19:36:25.599,SENSOR-SOIL,SOIL_MOIST,10.16,%,CRITICAL
19:36:25.600,SENSOR-AQI,AQI,118.08,AQI,WARNING
19:36:25.601,SENSOR-HUMID,HUMIDITY,50.87,%,NORMAL
19:36:25.601,SENSOR-WIND,WIND,0.37,km/h,NORMAL
19:36:25.601,SENSOR-UV,UV_INDEX,9.76,UV,CRITICAL
19:36:25.601,SENSOR-TEMP,TEMP,38.12,C,CRITICAL
19:36:25.601,SENSOR-RAIN,RAINFALL,48.47,mm,CRITICAL
19:36:25.602,SENSOR-SOIL,SOIL_MOIST,44.2,%,NORMAL
19:36:25.603,SENSOR-RAIN,RAINFALL,18.45,mm,NORMAL
19:36:25.603,SENSOR-HUMID,HUMIDITY,35.14,%,NORMAL
19:36:25.604,SENSOR-TEMP,TEMP,39.91,C,CRITICAL
19:36:25.604,SENSOR-UV,UV_INDEX,1.29,UV,NORMAL
19:36:25.604,SENSOR-AQI,AQI,189.11,AQI,CRITICAL
19:36:25.605,SENSOR-SOIL,SOIL_MOIST,32.3,%,WARNING
19:36:25.605,SENSOR-HUMID,HUMIDITY,32.16,%,NORMAL
19:36:25.605,SENSOR-WIND,WIND,75.92,km/h,CRITICAL
19:36:25.606,SENSOR-RAIN,RAINFALL,7.66,mm,NORMAL
19:36:25.606,SENSOR-AQI,AQI,171.35,AQI,CRITICAL
19:36:25.606,SENSOR-SOIL,SOIL_MOIST,29.68,%,WARNING
19:36:25.606,SENSOR-TEMP,TEMP,24.28,C,NORMAL
19:36:25.608,SENSOR-WIND,WIND,17.07,km/h,NORMAL
19:36:25.608,SENSOR-RAIN,RAINFALL,0.39,mm,NORMAL
19:36:25.608,SENSOR-UV,UV_INDEX,10.18,UV,CRITICAL
19:36:25.610,SENSOR-SOIL,SOIL_MOIST,10.67,%,CRITICAL
19:36:25.610,SENSOR-HUMID,HUMIDITY,63.81,%,NORMAL
19:36:25.610,SENSOR-WIND,WIND,64.77,km/h,CRITICAL
19:36:25.610,SENSOR-TEMP,TEMP,26.84,C,NORMAL
19:36:25.612,SENSOR-AQI,AQI,188.47,AQI,CRITICAL
19:36:25.612,SENSOR-UV,UV_INDEX,11.3,UV,CRITICAL
19:36:25.612,SENSOR-SOIL,SOIL_MOIST,65.65,%,NORMAL
19:36:25.612,SENSOR-RAIN,RAINFALL,42.09,mm,CRITICAL
19:36:25.613,SENSOR-TEMP,TEMP,29.83,C,NORMAL
19:36:25.613,SENSOR-HUMID,HUMIDITY,44.36,%,NORMAL
19:36:25.613,SENSOR-AQI,AQI,51.0,AQI,NORMAL
19:36:25.615,SENSOR-SOIL,SOIL_MOIST,45.97,%,NORMAL
19:36:25.615,SENSOR-WIND,WIND,14.07,km/h,NORMAL
19:36:25.615,SENSOR-TEMP,TEMP,39.79,C,CRITICAL
19:36:25.616,SENSOR-RAIN,RAINFALL,0.65,mm,NORMAL
19:36:25.617,SENSOR-SOIL,SOIL_MOIST,35.69,%,NORMAL
19:36:25.617,SENSOR-UV,UV_INDEX,11.57,UV,CRITICAL
19:36:25.617,SENSOR-TEMP,TEMP,40.95,C,CRITICAL
19:36:25.617,SENSOR-HUMID,HUMIDITY,36.61,%,NORMAL
19:36:25.618,SENSOR-AQI,AQI,104.26,AQI,WARNING
19:36:25.618,SENSOR-HUMID,HUMIDITY,58.06,%,NORMAL
19:36:25.619,SENSOR-WIND,WIND,40.21,km/h,WARNING
19:36:25.619,SENSOR-SOIL,SOIL_MOIST,64.54,%,NORMAL
19:36:25.619,SENSOR-UV,UV_INDEX,4.08,UV,NORMAL
19:36:25.621,SENSOR-RAIN,RAINFALL,47.88,mm,CRITICAL
19:36:25.621,SENSOR-TEMP,TEMP,26.45,C,NORMAL
19:36:25.621,SENSOR-WIND,WIND,66.52,km/h,CRITICAL
19:36:25.622,SENSOR-HUMID,HUMIDITY,49.27,%,NORMAL
19:36:25.622,SENSOR-AQI,AQI,157.76,AQI,CRITICAL
19:36:25.623,SENSOR-SOIL,SOIL_MOIST,74.64,%,NORMAL
19:36:25.623,SENSOR-UV,UV_INDEX,0.43,UV,NORMAL
19:36:25.624,SENSOR-AQI,AQI,109.07,AQI,WARNING
19:36:25.625,SENSOR-RAIN,RAINFALL,35.03,mm,CRITICAL
19:36:25.625,SENSOR-WIND,WIND,28.4,km/h,NORMAL
19:36:25.626,SENSOR-HUMID,HUMIDITY,97.45,%,CRITICAL
19:36:25.626,SENSOR-TEMP,TEMP,31.68,C,NORMAL
19:36:25.627,SENSOR-SOIL,SOIL_MOIST,79.47,%,NORMAL
19:36:25.627,SENSOR-AQI,AQI,36.29,AQI,NORMAL
19:36:25.628,SENSOR-UV,UV_INDEX,10.41,UV,CRITICAL
19:36:25.629,SENSOR-WIND,WIND,31.07,km/h,WARNING
19:36:25.629,SENSOR-AQI,AQI,134.41,AQI,WARNING
19:36:25.630,SENSOR-RAIN,RAINFALL,46.47,mm,CRITICAL
19:36:25.630,SENSOR-HUMID,HUMIDITY,79.35,%,NORMAL
19:36:25.631,SENSOR-TEMP,TEMP,18.97,C,NOTICE
19:36:25.631,SENSOR-AQI,AQI,146.58,AQI,WARNING
19:36:25.632,SENSOR-HUMID,HUMIDITY,33.45,%,NORMAL
19:36:25.632,SENSOR-SOIL,SOIL_MOIST,31.72,%,WARNING
19:36:25.632,SENSOR-UV,UV_INDEX,6.6,UV,WARNING
19:36:25.633,SENSOR-RAIN,RAINFALL,20.92,mm,NORMAL
19:36:25.634,SENSOR-SOIL,SOIL_MOIST,68.9,%,NORMAL
19:36:25.634,SENSOR-TEMP,TEMP,34.84,C,NORMAL
19:36:25.634,SENSOR-WIND,WIND,76.34,km/h,CRITICAL
19:36:25.636,SENSOR-SOIL,SOIL_MOIST,33.42,%,WARNING
19:36:25.636,SENSOR-UV,UV_INDEX,4.21,UV,NORMAL
19:36:25.636,SENSOR-HUMID,HUMIDITY,98.49,%,CRITICAL
19:36:25.636,SENSOR-AQI,AQI,36.63,AQI,NORMAL
19:36:25.637,SENSOR-TEMP,TEMP,30.56,C,NORMAL
19:36:25.637,SENSOR-WIND,WIND,46.34,km/h,WARNING
19:36:25.638,SENSOR-AQI,AQI,157.22,AQI,CRITICAL
19:36:25.638,SENSOR-RAIN,RAINFALL,12.5,mm,NORMAL
19:36:25.640,SENSOR-UV,UV_INDEX,11.66,UV,CRITICAL
19:36:25.640,SENSOR-TEMP,TEMP,22.77,C,NORMAL
19:36:25.640,SENSOR-SOIL,SOIL_MOIST,12.67,%,CRITICAL
19:36:25.640,SENSOR-HUMID,HUMIDITY,39.94,%,NORMAL
19:36:25.641,SENSOR-AQI,AQI,51.42,AQI,NORMAL
19:36:25.641,SENSOR-WIND,WIND,68.14,km/h,CRITICAL
19:36:25.642,SENSOR-SOIL,SOIL_MOIST,63.26,%,NORMAL
19:36:25.643,SENSOR-UV,UV_INDEX,7.09,UV,WARNING
19:36:25.643,SENSOR-SOIL,SOIL_MOIST,33.47,%,WARNING
19:36:25.643,SENSOR-RAIN,RAINFALL,40.86,mm,CRITICAL
19:36:25.644,SENSOR-AQI,AQI,198.68,AQI,CRITICAL
19:36:25.644,SENSOR-HUMID,HUMIDITY,52.77,%,NORMAL
19:36:25.645,SENSOR-TEMP,TEMP,32.59,C,NORMAL
19:36:25.645,SENSOR-UV,UV_INDEX,9.92,UV,CRITICAL
19:36:25.645,SENSOR-WIND,WIND,52.52,km/h,CRITICAL
19:36:25.647,SENSOR-SOIL,SOIL_MOIST,27.07,%,WARNING
19:36:25.647,SENSOR-HUMID,HUMIDITY,76.12,%,NORMAL
19:36:25.647,SENSOR-AQI,AQI,192.18,AQI,CRITICAL
19:36:25.647,SENSOR-UV,UV_INDEX,0.66,UV,NORMAL
19:36:25.647,SENSOR-WIND,WIND,0.45,km/h,NORMAL
19:36:25.647,SENSOR-RAIN,RAINFALL,23.79,mm,NORMAL
19:36:25.649,SENSOR-TEMP,TEMP,40.4,C,CRITICAL
19:36:25.650,SENSOR-UV,UV_INDEX,8.02,UV,CRITICAL
19:36:25.650,SENSOR-RAIN,RAINFALL,3.88,mm,NORMAL
19:36:25.651,SENSOR-WIND,WIND,65.05,km/h,CRITICAL
19:36:25.651,SENSOR-SOIL,SOIL_MOIST,21.24,%,WARNING
19:36:25.651,SENSOR-AQI,AQI,79.18,AQI,NORMAL
19:36:25.651,SENSOR-TEMP,TEMP,40.72,C,CRITICAL
19:36:25.652,SENSOR-HUMID,HUMIDITY,80.14,%,NORMAL
19:36:25.653,SENSOR-UV,UV_INDEX,1.54,UV,NORMAL
19:36:25.654,SENSOR-RAIN,RAINFALL,26.45,mm,CRITICAL
19:36:25.654,SENSOR-SOIL,SOIL_MOIST,22.29,%,WARNING
19:36:25.655,SENSOR-HUMID,HUMIDITY,30.55,%,NORMAL
19:36:25.655,SENSOR-WIND,WIND,57.52,km/h,CRITICAL
19:36:25.655,SENSOR-AQI,AQI,102.38,AQI,WARNING
19:36:25.656,SENSOR-TEMP,TEMP,21.37,C,NORMAL
19:36:25.657,SENSOR-SOIL,SOIL_MOIST,36.18,%,NORMAL
19:36:25.658,SENSOR-UV,UV_INDEX,11.54,UV,CRITICAL
19:36:25.658,SENSOR-WIND,WIND,33.56,km/h,WARNING
19:36:25.658,SENSOR-SOIL,SOIL_MOIST,11.36,%,CRITICAL
19:36:25.658,SENSOR-RAIN,RAINFALL,31.95,mm,CRITICAL
19:36:25.658,SENSOR-TEMP,TEMP,31.74,C,NORMAL
19:36:25.660,SENSOR-AQI,AQI,190.96,AQI,CRITICAL
19:36:25.660,SENSOR-HUMID,HUMIDITY,77.84,%,NORMAL
19:36:25.661,SENSOR-TEMP,TEMP,22.79,C,NORMAL
19:36:25.661,SENSOR-WIND,WIND,12.04,km/h,NORMAL
19:36:25.662,SENSOR-UV,UV_INDEX,8.13,UV,CRITICAL
19:36:25.662,SENSOR-SOIL,SOIL_MOIST,71.45,%,NORMAL
19:36:25.662,SENSOR-RAIN,RAINFALL,30.16,mm,CRITICAL
19:36:25.663,SENSOR-WIND,WIND,43.97,km/h,WARNING
19:36:25.663,SENSOR-AQI,AQI,103.45,AQI,WARNING
19:36:25.664,SENSOR-UV,UV_INDEX,7.58,UV,WARNING
19:36:25.664,SENSOR-TEMP,TEMP,26.53,C,NORMAL
19:36:25.664,SENSOR-HUMID,HUMIDITY,94.12,%,CRITICAL
19:36:25.664,SENSOR-WIND,WIND,50.28,km/h,CRITICAL
19:36:25.664,SENSOR-SOIL,SOIL_MOIST,58.92,%,NORMAL
19:36:25.664,SENSOR-RAIN,RAINFALL,48.93,mm,CRITICAL
19:36:25.666,SENSOR-SOIL,SOIL_MOIST,78.6,%,NORMAL
19:36:25.667,SENSOR-WIND,WIND,43.15,km/h,WARNING
19:36:25.668,SENSOR-AQI,AQI,95.4,AQI,NORMAL
19:36:25.668,SENSOR-TEMP,TEMP,24.89,C,NORMAL
19:36:25.668,SENSOR-HUMID,HUMIDITY,81.69,%,NORMAL
19:36:25.669,SENSOR-RAIN,RAINFALL,39.36,mm,CRITICAL
19:36:25.669,SENSOR-UV,UV_INDEX,3.75,UV,NORMAL
19:36:25.671,SENSOR-SOIL,SOIL_MOIST,37.15,%,NORMAL
19:36:25.671,SENSOR-AQI,AQI,99.29,AQI,NORMAL
19:36:25.672,SENSOR-HUMID,HUMIDITY,51.22,%,NORMAL
19:36:25.672,SENSOR-WIND,WIND,67.41,km/h,CRITICAL
19:36:25.673,SENSOR-RAIN,RAINFALL,28.99,mm,CRITICAL
19:36:25.673,SENSOR-TEMP,TEMP,39.59,C,CRITICAL
19:36:25.674,SENSOR-UV,UV_INDEX,2.43,UV,NORMAL
19:36:25.674,SENSOR-SOIL,SOIL_MOIST,57.88,%,NORMAL
19:36:25.675,SENSOR-AQI,AQI,85.59,AQI,NORMAL
19:36:25.675,SENSOR-WIND,WIND,22.46,km/h,NORMAL
19:36:25.676,SENSOR-SOIL,SOIL_MOIST,15.35,%,CRITICAL
19:36:25.677,SENSOR-HUMID,HUMIDITY,82.86,%,NORMAL
19:36:25.678,SENSOR-RAIN,RAINFALL,40.6,mm,CRITICAL
19:36:25.678,SENSOR-TEMP,TEMP,24.24,C,NORMAL
19:36:25.678,SENSOR-WIND,WIND,64.46,km/h,CRITICAL
19:36:25.678,SENSOR-AQI,AQI,197.1,AQI,CRITICAL
19:36:25.678,SENSOR-UV,UV_INDEX,3.02,UV,NORMAL
19:36:25.680,SENSOR-TEMP,TEMP,26.17,C,NORMAL
19:36:25.681,SENSOR-HUMID,HUMIDITY,91.17,%,CRITICAL
19:36:25.682,SENSOR-SOIL,SOIL_MOIST,54.0,%,NORMAL
19:36:25.682,SENSOR-UV,UV_INDEX,9.0,UV,CRITICAL
19:36:25.682,SENSOR-WIND,WIND,48.71,km/h,WARNING
19:36:25.682,SENSOR-AQI,AQI,27.3,AQI,NORMAL
19:36:25.683,SENSOR-RAIN,RAINFALL,27.39,mm,CRITICAL
19:36:25.684,SENSOR-AQI,AQI,120.4,AQI,WARNING
19:36:25.684,SENSOR-WIND,WIND,40.38,km/h,WARNING
19:36:25.684,SENSOR-TEMP,TEMP,18.79,C,NOTICE
19:36:25.685,SENSOR-UV,UV_INDEX,9.61,UV,CRITICAL
19:36:25.686,SENSOR-HUMID,HUMIDITY,74.27,%,NORMAL
19:36:25.686,SENSOR-TEMP,TEMP,19.72,C,NOTICE
19:36:25.687,SENSOR-SOIL,SOIL_MOIST,12.42,%,CRITICAL
19:36:25.688,SENSOR-TEMP,TEMP,22.17,C,NORMAL
19:36:25.688,SENSOR-RAIN,RAINFALL,46.19,mm,CRITICAL
19:36:25.688,SENSOR-HUMID,HUMIDITY,52.55,%,NORMAL
19:36:25.688,SENSOR-UV,UV_INDEX,8.68,UV,CRITICAL
19:36:25.689,SENSOR-AQI,AQI,70.88,AQI,NORMAL
19:36:25.689,SENSOR-SOIL,SOIL_MOIST,26.22,%,WARNING
19:36:25.689,SENSOR-WIND,WIND,66.66,km/h,CRITICAL
19:36:25.691,SENSOR-AQI,AQI,153.43,AQI,CRITICAL
19:36:25.691,SENSOR-UV,UV_INDEX,6.55,UV,WARNING
19:36:25.691,SENSOR-TEMP,TEMP,18.39,C,NOTICE
19:36:25.693,SENSOR-SOIL,SOIL_MOIST,44.63,%,NORMAL
19:36:25.693,SENSOR-UV,UV_INDEX,1.29,UV,NORMAL
19:36:25.693,SENSOR-RAIN,RAINFALL,49.57,mm,CRITICAL
19:36:25.693,SENSOR-HUMID,HUMIDITY,51.93,%,NORMAL
19:36:25.693,SENSOR-WIND,WIND,46.06,km/h,WARNING
19:36:25.695,SENSOR-HUMID,HUMIDITY,97.51,%,CRITICAL
19:36:25.695,SENSOR-WIND,WIND,34.1,km/h,WARNING
19:36:25.695,SENSOR-AQI,AQI,88.34,AQI,NORMAL
19:36:25.695,SENSOR-SOIL,SOIL_MOIST,56.97,%,NORMAL
19:36:25.696,SENSOR-TEMP,TEMP,31.61,C,NORMAL
19:36:25.697,SENSOR-SOIL,SOIL_MOIST,48.23,%,NORMAL
19:36:25.697,SENSOR-RAIN,RAINFALL,5.62,mm,NORMAL
19:36:25.697,SENSOR-AQI,AQI,176.39,AQI,CRITICAL
19:36:25.698,SENSOR-UV,UV_INDEX,0.68,UV,NORMAL
19:36:25.698,SENSOR-TEMP,TEMP,34.54,C,NORMAL
19:36:25.699,SENSOR-RAIN,RAINFALL,16.71,mm,NORMAL
19:36:25.700,SENSOR-SOIL,SOIL_MOIST,29.48,%,WARNING
19:36:25.700,SENSOR-WIND,WIND,54.31,km/h,CRITICAL
19:36:25.700,SENSOR-TEMP,TEMP,33.44,C,NORMAL
19:36:25.700,SENSOR-HUMID,HUMIDITY,77.34,%,NORMAL
19:36:25.700,SENSOR-UV,UV_INDEX,3.91,UV,NORMAL
19:36:25.702,SENSOR-AQI,AQI,35.32,AQI,NORMAL
19:36:25.702,SENSOR-TEMP,TEMP,40.73,C,CRITICAL
19:36:25.703,SENSOR-RAIN,RAINFALL,15.29,mm,NORMAL
19:36:25.703,SENSOR-UV,UV_INDEX,8.56,UV,CRITICAL
19:36:25.703,SENSOR-TEMP,TEMP,33.5,C,NORMAL
19:36:25.704,SENSOR-HUMID,HUMIDITY,38.39,%,NORMAL
19:36:25.704,SENSOR-SOIL,SOIL_MOIST,69.73,%,NORMAL
19:36:25.704,SENSOR-WIND,WIND,60.13,km/h,CRITICAL
19:36:25.705,SENSOR-AQI,AQI,199.05,AQI,CRITICAL
19:36:25.706,SENSOR-RAIN,RAINFALL,8.48,mm,NORMAL
19:36:25.706,SENSOR-UV,UV_INDEX,3.05,UV,NORMAL
19:36:25.706,SENSOR-TEMP,TEMP,29.8,C,NORMAL
19:36:25.707,SENSOR-HUMID,HUMIDITY,60.33,%,NORMAL
19:36:25.708,SENSOR-SOIL,SOIL_MOIST,39.12,%,NORMAL
19:36:25.708,SENSOR-WIND,WIND,7.0,km/h,NORMAL
19:36:25.709,SENSOR-UV,UV_INDEX,7.98,UV,WARNING
19:36:25.709,SENSOR-RAIN,RAINFALL,20.51,mm,NORMAL
19:36:25.710,SENSOR-HUMID,HUMIDITY,96.85,%,CRITICAL
19:36:25.710,SENSOR-WIND,WIND,14.61,km/h,NORMAL
19:36:25.710,SENSOR-TEMP,TEMP,40.95,C,CRITICAL
19:36:25.711,SENSOR-SOIL,SOIL_MOIST,47.63,%,NORMAL
19:36:25.711,SENSOR-AQI,AQI,112.34,AQI,WARNING
19:36:25.713,SENSOR-HUMID,HUMIDITY,36.84,%,NORMAL
19:36:25.713,SENSOR-UV,UV_INDEX,7.73,UV,WARNING
19:36:25.714,SENSOR-AQI,AQI,111.53,AQI,WARNING
19:36:25.715,SENSOR-SOIL,SOIL_MOIST,24.67,%,WARNING
19:36:25.715,SENSOR-RAIN,RAINFALL,27.38,mm,CRITICAL
19:36:25.715,SENSOR-TEMP,TEMP,21.99,C,NORMAL
19:36:25.715,SENSOR-WIND,WIND,43.83,km/h,WARNING
19:36:25.715,SENSOR-HUMID,HUMIDITY,79.57,%,NORMAL
19:36:25.717,SENSOR-WIND,WIND,61.92,km/h,CRITICAL
19:36:25.717,SENSOR-RAIN,RAINFALL,7.73,mm,NORMAL
19:36:25.717,SENSOR-AQI,AQI,25.63,AQI,NORMAL
19:36:25.718,SENSOR-UV,UV_INDEX,7.5,UV,WARNING
19:36:25.719,SENSOR-TEMP,TEMP,19.69,C,NOTICE
19:36:25.719,SENSOR-AQI,AQI,104.81,AQI,WARNING
19:36:25.719,SENSOR-SOIL,SOIL_MOIST,32.94,%,WARNING
19:36:25.720,SENSOR-UV,UV_INDEX,10.08,UV,CRITICAL
19:36:25.720,SENSOR-RAIN,RAINFALL,8.83,mm,NORMAL
19:36:25.720,SENSOR-HUMID,HUMIDITY,97.08,%,CRITICAL
19:36:25.721,SENSOR-WIND,WIND,47.82,km/h,WARNING
19:36:25.721,SENSOR-SOIL,SOIL_MOIST,66.41,%,NORMAL
19:36:25.721,SENSOR-UV,UV_INDEX,9.06,UV,CRITICAL
19:36:25.721,SENSOR-RAIN,RAINFALL,14.78,mm,NORMAL
19:36:25.723,SENSOR-AQI,AQI,84.56,AQI,NORMAL
19:36:25.723,SENSOR-TEMP,TEMP,27.56,C,NORMAL
19:36:25.723,SENSOR-WIND,WIND,66.97,km/h,CRITICAL
19:36:25.723,SENSOR-RAIN,RAINFALL,2.06,mm,NORMAL
19:36:25.725,SENSOR-HUMID,HUMIDITY,92.16,%,CRITICAL
19:36:25.725,SENSOR-SOIL,SOIL_MOIST,32.28,%,WARNING
19:36:25.725,SENSOR-TEMP,TEMP,25.08,C,NORMAL
19:36:25.726,SENSOR-AQI,AQI,73.48,AQI,NORMAL
19:36:25.726,SENSOR-UV,UV_INDEX,3.87,UV,NORMAL
19:36:25.726,SENSOR-WIND,WIND,54.4,km/h,CRITICAL
19:36:25.727,SENSOR-RAIN,RAINFALL,41.33,mm,CRITICAL
19:36:25.728,SENSOR-UV,UV_INDEX,9.71,UV,CRITICAL
19:36:25.728,SENSOR-AQI,AQI,53.86,AQI,NORMAL
19:36:25.729,SENSOR-SOIL,SOIL_MOIST,75.47,%,NORMAL
19:36:25.729,SENSOR-TEMP,TEMP,24.04,C,NORMAL
19:36:25.729,SENSOR-HUMID,HUMIDITY,55.01,%,NORMAL
19:36:25.730,SENSOR-UV,UV_INDEX,5.17,UV,NORMAL
19:36:25.730,SENSOR-RAIN,RAINFALL,15.47,mm,NORMAL
19:36:25.731,SENSOR-AQI,AQI,25.72,AQI,NORMAL
19:36:25.732,SENSOR-WIND,WIND,52.19,km/h,CRITICAL
19:36:25.732,SENSOR-TEMP,TEMP,28.91,C,NORMAL
19:36:25.734,SENSOR-SOIL,SOIL_MOIST,69.15,%,NORMAL
19:36:25.734,SENSOR-HUMID,HUMIDITY,50.13,%,NORMAL
19:36:25.734,SENSOR-UV,UV_INDEX,11.06,UV,CRITICAL
19:36:25.734,SENSOR-TEMP,TEMP,29.01,C,NORMAL
19:36:25.736,SENSOR-TEMP,TEMP,39.2,C,CRITICAL
19:36:25.736,SENSOR-WIND,WIND,24.59,km/h,NORMAL
19:36:25.736,SENSOR-AQI,AQI,91.4,AQI,NORMAL
19:36:25.736,SENSOR-RAIN,RAINFALL,26.92,mm,CRITICAL
19:36:25.737,SENSOR-HUMID,HUMIDITY,77.06,%,NORMAL
19:36:25.738,SENSOR-WIND,WIND,50.86,km/h,CRITICAL
19:36:25.738,SENSOR-UV,UV_INDEX,6.27,UV,WARNING
19:36:25.738,SENSOR-AQI,AQI,130.65,AQI,WARNING
19:36:25.739,SENSOR-SOIL,SOIL_MOIST,33.22,%,WARNING
19:36:25.740,SENSOR-WIND,WIND,14.02,km/h,NORMAL
19:36:25.741,SENSOR-SOIL,SOIL_MOIST,42.19,%,NORMAL
19:36:25.741,SENSOR-RAIN,RAINFALL,35.51,mm,CRITICAL
19:36:25.741,SENSOR-TEMP,TEMP,18.29,C,NOTICE
19:36:25.742,SENSOR-UV,UV_INDEX,9.09,UV,CRITICAL
19:36:25.742,SENSOR-HUMID,HUMIDITY,85.68,%,CRITICAL
19:36:25.743,SENSOR-SOIL,SOIL_MOIST,52.68,%,NORMAL
19:36:25.743,SENSOR-AQI,AQI,133.68,AQI,WARNING
19:36:25.744,SENSOR-RAIN,RAINFALL,15.38,mm,NORMAL
19:36:25.745,SENSOR-AQI,AQI,70.57,AQI,NORMAL
19:36:25.745,SENSOR-TEMP,TEMP,35.01,C,CRITICAL
19:36:25.745,SENSOR-UV,UV_INDEX,2.51,UV,NORMAL
19:36:25.746,SENSOR-WIND,WIND,29.42,km/h,NORMAL
19:36:25.747,SENSOR-RAIN,RAINFALL,7.79,mm,NORMAL
19:36:25.747,SENSOR-HUMID,HUMIDITY,34.03,%,NORMAL
19:36:25.747,SENSOR-UV,UV_INDEX,9.36,UV,CRITICAL
19:36:25.747,SENSOR-AQI,AQI,109.78,AQI,WARNING
19:36:25.747,SENSOR-SOIL,SOIL_MOIST,59.38,%,NORMAL
19:36:25.747,SENSOR-TEMP,TEMP,33.26,C,NORMAL
19:36:25.749,SENSOR-SOIL,SOIL_MOIST,78.08,%,NORMAL
19:36:25.749,SENSOR-WIND,WIND,42.71,km/h,WARNING
19:36:25.751,SENSOR-TEMP,TEMP,18.06,C,NOTICE
19:36:25.751,SENSOR-UV,UV_INDEX,5.86,UV,NORMAL
19:36:25.751,SENSOR-HUMID,HUMIDITY,57.68,%,NORMAL
19:36:25.751,SENSOR-AQI,AQI,126.13,AQI,WARNING
19:36:25.752,SENSOR-SOIL,SOIL_MOIST,70.34,%,NORMAL
19:36:25.753,SENSOR-RAIN,RAINFALL,19.54,mm,NORMAL
19:36:25.754,SENSOR-WIND,WIND,73.94,km/h,CRITICAL
19:36:25.754,SENSOR-SOIL,SOIL_MOIST,59.36,%,NORMAL
19:36:25.754,SENSOR-UV,UV_INDEX,10.54,UV,CRITICAL
19:36:25.755,SENSOR-HUMID,HUMIDITY,87.93,%,CRITICAL
19:36:25.756,SENSOR-AQI,AQI,198.81,AQI,CRITICAL
19:36:25.756,SENSOR-UV,UV_INDEX,1.65,UV,NORMAL
19:36:25.756,SENSOR-TEMP,TEMP,36.12,C,CRITICAL
19:36:25.757,SENSOR-RAIN,RAINFALL,30.17,mm,CRITICAL
19:36:25.757,SENSOR-HUMID,HUMIDITY,74.14,%,NORMAL
19:36:25.758,SENSOR-UV,UV_INDEX,1.87,UV,NORMAL
19:36:25.758,SENSOR-TEMP,TEMP,20.02,C,NORMAL
19:36:25.758,SENSOR-AQI,AQI,172.48,AQI,CRITICAL
19:36:25.759,SENSOR-WIND,WIND,21.8,km/h,NORMAL
19:36:25.759,SENSOR-HUMID,HUMIDITY,88.32,%,CRITICAL
19:36:25.759,SENSOR-SOIL,SOIL_MOIST,51.62,%,NORMAL
19:36:25.760,SENSOR-UV,UV_INDEX,0.3,UV,NORMAL
19:36:25.760,SENSOR-AQI,AQI,132.11,AQI,WARNING
19:36:25.760,SENSOR-RAIN,RAINFALL,34.78,mm,CRITICAL
19:36:25.761,SENSOR-WIND,WIND,54.29,km/h,CRITICAL
19:36:25.761,SENSOR-TEMP,TEMP,23.52,C,NORMAL
19:36:25.763,SENSOR-UV,UV_INDEX,1.48,UV,NORMAL
19:36:25.764,SENSOR-AQI,AQI,95.57,AQI,NORMAL
19:36:25.764,SENSOR-SOIL,SOIL_MOIST,65.66,%,NORMAL
19:36:25.764,SENSOR-HUMID,HUMIDITY,53.78,%,NORMAL
19:36:25.765,SENSOR-TEMP,TEMP,27.92,C,NORMAL
19:36:25.765,SENSOR-RAIN,RAINFALL,27.87,mm,CRITICAL
19:36:25.766,SENSOR-SOIL,SOIL_MOIST,79.59,%,NORMAL
19:36:25.766,SENSOR-WIND,WIND,57.41,km/h,CRITICAL
19:36:25.767,SENSOR-AQI,AQI,34.89,AQI,NORMAL
19:36:25.767,SENSOR-HUMID,HUMIDITY,93.18,%,CRITICAL
19:36:25.767,SENSOR-RAIN,RAINFALL,24.09,mm,NORMAL
19:36:25.769,SENSOR-UV,UV_INDEX,3.93,UV,NORMAL
19:36:25.769,SENSOR-WIND,WIND,3.08,km/h,NORMAL
19:36:25.769,SENSOR-HUMID,HUMIDITY,37.81,%,NORMAL
19:36:25.770,SENSOR-TEMP,TEMP,24.23,C,NORMAL
19:36:25.770,SENSOR-AQI,AQI,36.48,AQI,NORMAL
19:36:25.771,SENSOR-HUMID,HUMIDITY,82.16,%,NORMAL
19:36:25.771,SENSOR-RAIN,RAINFALL,36.05,mm,CRITICAL
19:36:25.771,SENSOR-WIND,WIND,36.62,km/h,WARNING
19:36:25.771,SENSOR-SOIL,SOIL_MOIST,52.92,%,NORMAL
19:36:25.773,SENSOR-TEMP,TEMP,32.73,C,NORMAL
19:36:25.774,SENSOR-UV,UV_INDEX,11.29,UV,CRITICAL
19:36:25.775,SENSOR-SOIL,SOIL_MOIST,32.2,%,WARNING
19:36:25.775,SENSOR-AQI,AQI,144.31,AQI,WARNING
19:36:25.775,SENSOR-HUMID,HUMIDITY,30.57,%,NORMAL
19:36:25.775,SENSOR-RAIN,RAINFALL,39.32,mm,CRITICAL
19:36:25.775,SENSOR-WIND,WIND,35.76,km/h,WARNING
19:36:25.776,SENSOR-TEMP,TEMP,21.9,C,NORMAL
19:36:25.777,SENSOR-SOIL,SOIL_MOIST,16.13,%,CRITICAL
19:36:25.778,SENSOR-UV,UV_INDEX,3.24,UV,NORMAL
19:36:25.778,SENSOR-HUMID,HUMIDITY,39.97,%,NORMAL
19:36:25.779,SENSOR-HUMID,HUMIDITY,51.62,%,NORMAL
19:36:25.779,SENSOR-TEMP,TEMP,22.83,C,NORMAL
19:36:25.779,SENSOR-AQI,AQI,194.72,AQI,CRITICAL
19:36:25.779,SENSOR-RAIN,RAINFALL,12.06,mm,NORMAL
19:36:25.779,SENSOR-WIND,WIND,75.19,km/h,CRITICAL
19:36:25.780,SENSOR-SOIL,SOIL_MOIST,63.25,%,NORMAL
19:36:25.781,SENSOR-TEMP,TEMP,41.74,C,CRITICAL
19:36:25.781,SENSOR-UV,UV_INDEX,2.17,UV,NORMAL
19:36:25.781,SENSOR-AQI,AQI,103.28,AQI,WARNING
19:36:25.783,SENSOR-HUMID,HUMIDITY,38.76,%,NORMAL
19:36:25.783,SENSOR-TEMP,TEMP,29.58,C,NORMAL
19:36:25.783,SENSOR-SOIL,SOIL_MOIST,22.07,%,WARNING
19:36:25.783,SENSOR-WIND,WIND,10.67,km/h,NORMAL
19:36:25.784,SENSOR-AQI,AQI,36.33,AQI,NORMAL
19:36:25.784,SENSOR-RAIN,RAINFALL,36.08,mm,CRITICAL
19:36:25.786,SENSOR-UV,UV_INDEX,5.6,UV,NORMAL
19:36:25.786,SENSOR-AQI,AQI,192.44,AQI,CRITICAL
19:36:25.786,SENSOR-TEMP,TEMP,21.65,C,NORMAL
19:36:25.787,SENSOR-HUMID,HUMIDITY,71.11,%,NORMAL
19:36:25.787,SENSOR-WIND,WIND,17.16,km/h,NORMAL
19:36:25.788,SENSOR-SOIL,SOIL_MOIST,56.21,%,NORMAL
19:36:25.788,SENSOR-AQI,AQI,115.46,AQI,WARNING
19:36:25.789,SENSOR-RAIN,RAINFALL,46.21,mm,CRITICAL
19:36:25.790,SENSOR-TEMP,TEMP,38.15,C,CRITICAL
19:36:25.790,SENSOR-SOIL,SOIL_MOIST,18.39,%,CRITICAL
19:36:25.790,SENSOR-AQI,AQI,27.39,AQI,NORMAL
19:36:25.790,SENSOR-UV,UV_INDEX,11.28,UV,CRITICAL
19:36:25.791,SENSOR-WIND,WIND,56.61,km/h,CRITICAL
19:36:25.791,SENSOR-AQI,AQI,116.18,AQI,WARNING
19:36:25.791,SENSOR-RAIN,RAINFALL,9.84,mm,NORMAL
19:36:25.792,SENSOR-SOIL,SOIL_MOIST,31.71,%,WARNING
19:36:25.792,SENSOR-TEMP,TEMP,22.57,C,NORMAL
19:36:25.792,SENSOR-UV,UV_INDEX,1.05,UV,NORMAL
19:36:25.793,SENSOR-HUMID,HUMIDITY,43.35,%,NORMAL
19:36:25.796,SENSOR-AQI,AQI,72.11,AQI,NORMAL
19:36:25.796,SENSOR-WIND,WIND,78.88,km/h,CRITICAL
19:36:25.796,SENSOR-HUMID,HUMIDITY,84.58,%,NORMAL
19:36:25.796,SENSOR-UV,UV_INDEX,4.68,UV,NORMAL
19:36:25.796,SENSOR-TEMP,TEMP,22.96,C,NORMAL
19:36:25.796,SENSOR-RAIN,RAINFALL,34.76,mm,CRITICAL
19:36:25.797,SENSOR-SOIL,SOIL_MOIST,16.84,%,CRITICAL
19:36:25.798,SENSOR-AQI,AQI,158.5,AQI,CRITICAL
19:36:25.798,SENSOR-UV,UV_INDEX,11.27,UV,CRITICAL
19:36:25.799,SENSOR-RAIN,RAINFALL,32.97,mm,CRITICAL
19:36:25.799,SENSOR-WIND,WIND,13.65,km/h,NORMAL
19:36:25.801,SENSOR-TEMP,TEMP,29.88,C,NORMAL
19:36:25.801,SENSOR-UV,UV_INDEX,7.04,UV,WARNING
19:36:25.801,SENSOR-HUMID,HUMIDITY,38.13,%,NORMAL
19:36:25.802,SENSOR-SOIL,SOIL_MOIST,37.63,%,NORMAL
19:36:25.802,SENSOR-WIND,WIND,25.74,km/h,NORMAL
19:36:25.803,SENSOR-AQI,AQI,174.61,AQI,CRITICAL
19:36:25.804,SENSOR-AQI,AQI,66.93,AQI,NORMAL
19:36:25.804,SENSOR-TEMP,TEMP,31.2,C,NORMAL
19:36:25.804,SENSOR-HUMID,HUMIDITY,34.36,%,NORMAL
19:36:25.804,SENSOR-RAIN,RAINFALL,30.36,mm,CRITICAL
19:36:25.806,SENSOR-SOIL,SOIL_MOIST,21.27,%,WARNING
19:36:25.806,SENSOR-UV,UV_INDEX,3.93,UV,NORMAL
19:36:25.806,SENSOR-WIND,WIND,60.94,km/h,CRITICAL
19:36:25.806,SENSOR-RAIN,RAINFALL,45.9,mm,CRITICAL
19:36:25.807,SENSOR-HUMID,HUMIDITY,64.87,%,NORMAL
19:36:25.807,SENSOR-AQI,AQI,58.6,AQI,NORMAL
19:36:25.807,SENSOR-TEMP,TEMP,40.03,C,CRITICAL
19:36:25.809,SENSOR-TEMP,TEMP,31.92,C,NORMAL
19:36:25.809,SENSOR-AQI,AQI,29.76,AQI,NORMAL
19:36:25.809,SENSOR-WIND,WIND,46.84,km/h,WARNING
19:36:25.810,SENSOR-HUMID,HUMIDITY,64.34,%,NORMAL
19:36:25.810,SENSOR-RAIN,RAINFALL,5.16,mm,NORMAL
19:36:25.811,SENSOR-SOIL,SOIL_MOIST,58.71,%,NORMAL
19:36:25.811,SENSOR-UV,UV_INDEX,10.65,UV,CRITICAL
19:36:25.811,SENSOR-AQI,AQI,67.92,AQI,NORMAL
19:36:25.812,SENSOR-WIND,WIND,34.44,km/h,WARNING
19:36:25.813,SENSOR-TEMP,TEMP,26.64,C,NORMAL
19:36:25.813,SENSOR-SOIL,SOIL_MOIST,45.33,%,NORMAL
19:36:25.813,SENSOR-HUMID,HUMIDITY,31.8,%,NORMAL
19:36:25.814,SENSOR-UV,UV_INDEX,4.22,UV,NORMAL
19:36:25.814,SENSOR-RAIN,RAINFALL,49.26,mm,CRITICAL
19:36:25.815,SENSOR-SOIL,SOIL_MOIST,13.29,%,CRITICAL
19:36:25.816,SENSOR-AQI,AQI,68.04,AQI,NORMAL
19:36:25.817,SENSOR-TEMP,TEMP,18.95,C,NOTICE
19:36:25.817,SENSOR-UV,UV_INDEX,1.48,UV,NORMAL
19:36:25.817,SENSOR-WIND,WIND,35.27,km/h,WARNING
19:36:25.818,SENSOR-HUMID,HUMIDITY,73.62,%,NORMAL
19:36:25.819,SENSOR-RAIN,RAINFALL,0.02,mm,NORMAL
19:36:25.819,SENSOR-UV,UV_INDEX,0.3,UV,NORMAL
19:36:25.820,SENSOR-SOIL,SOIL_MOIST,28.39,%,WARNING
19:36:25.820,SENSOR-WIND,WIND,55.74,km/h,CRITICAL
19:36:25.821,SENSOR-HUMID,HUMIDITY,78.73,%,NORMAL
19:36:25.821,SENSOR-AQI,AQI,191.17,AQI,CRITICAL
19:36:25.821,SENSOR-TEMP,TEMP,29.75,C,NORMAL
19:36:25.822,SENSOR-UV,UV_INDEX,3.82,UV,NORMAL
19:36:25.823,SENSOR-WIND,WIND,44.81,km/h,WARNING
19:36:25.823,SENSOR-HUMID,HUMIDITY,58.39,%,NORMAL
19:36:25.823,SENSOR-RAIN,RAINFALL,12.87,mm,NORMAL
19:36:25.824,SENSOR-SOIL,SOIL_MOIST,58.86,%,NORMAL
19:36:25.824,SENSOR-AQI,AQI,134.29,AQI,WARNING
19:36:25.825,SENSOR-WIND,WIND,55.22,km/h,CRITICAL
19:36:25.825,SENSOR-TEMP,TEMP,27.4,C,NORMAL
19:36:25.825,SENSOR-UV,UV_INDEX,10.22,UV,CRITICAL
19:36:25.825,SENSOR-RAIN,RAINFALL,24.97,mm,NORMAL
19:36:25.827,SENSOR-SOIL,SOIL_MOIST,77.92,%,NORMAL
19:36:25.827,SENSOR-HUMID,HUMIDITY,98.27,%,CRITICAL
19:36:25.828,SENSOR-RAIN,RAINFALL,23.7,mm,NORMAL
19:36:25.829,SENSOR-UV,UV_INDEX,10.33,UV,CRITICAL
19:36:25.829,SENSOR-HUMID,HUMIDITY,70.26,%,NORMAL
19:36:25.829,SENSOR-AQI,AQI,38.72,AQI,NORMAL
19:36:25.829,SENSOR-TEMP,TEMP,32.5,C,NORMAL
19:36:25.830,SENSOR-SOIL,SOIL_MOIST,28.56,%,WARNING
19:36:25.830,SENSOR-WIND,WIND,37.52,km/h,WARNING
19:36:25.830,SENSOR-RAIN,RAINFALL,42.59,mm,CRITICAL
19:36:25.832,SENSOR-AQI,AQI,154.58,AQI,CRITICAL
19:36:25.833,SENSOR-WIND,WIND,56.13,km/h,CRITICAL
19:36:25.833,SENSOR-TEMP,TEMP,25.23,C,NORMAL
19:36:25.834,SENSOR-UV,UV_INDEX,11.67,UV,CRITICAL
19:36:25.834,SENSOR-AQI,AQI,91.29,AQI,NORMAL
19:36:25.834,SENSOR-HUMID,HUMIDITY,83.63,%,NORMAL
19:36:25.835,SENSOR-SOIL,SOIL_MOIST,76.43,%,NORMAL
19:36:25.835,SENSOR-WIND,WIND,24.51,km/h,NORMAL
19:36:25.835,SENSOR-RAIN,RAINFALL,22.92,mm,NORMAL
19:36:25.836,SENSOR-UV,UV_INDEX,11.0,UV,CRITICAL
19:36:25.836,SENSOR-TEMP,TEMP,25.67,C,NORMAL
19:36:25.838,SENSOR-RAIN,RAINFALL,40.99,mm,CRITICAL
19:36:25.838,SENSOR-HUMID,HUMIDITY,35.06,%,NORMAL
19:36:25.839,SENSOR-WIND,WIND,42.52,km/h,WARNING
19:36:25.839,SENSOR-SOIL,SOIL_MOIST,75.28,%,NORMAL
19:36:25.839,SENSOR-AQI,AQI,126.15,AQI,WARNING
19:36:25.840,SENSOR-UV,UV_INDEX,3.43,UV,NORMAL
19:36:25.840,SENSOR-TEMP,TEMP,39.91,C,CRITICAL
19:36:25.841,SENSOR-RAIN,RAINFALL,48.65,mm,CRITICAL
19:36:25.841,SENSOR-HUMID,HUMIDITY,67.82,%,NORMAL
19:36:25.843,SENSOR-SOIL,SOIL_MOIST,48.32,%,NORMAL
19:36:25.843,SENSOR-WIND,WIND,67.33,km/h,CRITICAL
19:36:25.844,SENSOR-AQI,AQI,77.09,AQI,NORMAL
19:36:25.844,SENSOR-UV,UV_INDEX,2.24,UV,NORMAL
19:36:25.844,SENSOR-HUMID,HUMIDITY,99.92,%,CRITICAL
19:36:25.844,SENSOR-TEMP,TEMP,25.72,C,NORMAL
19:36:25.845,SENSOR-RAIN,RAINFALL,40.95,mm,CRITICAL
19:36:25.846,SENSOR-SOIL,SOIL_MOIST,20.85,%,WARNING
19:36:25.846,SENSOR-TEMP,TEMP,19.24,C,NOTICE
19:36:25.846,SENSOR-AQI,AQI,141.85,AQI,WARNING
19:36:25.847,SENSOR-HUMID,HUMIDITY,92.79,%,CRITICAL
19:36:25.847,SENSOR-WIND,WIND,34.48,km/h,WARNING
19:36:25.847,SENSOR-RAIN,RAINFALL,33.3,mm,CRITICAL
19:36:25.848,SENSOR-SOIL,SOIL_MOIST,66.89,%,NORMAL
19:36:25.848,SENSOR-TEMP,TEMP,20.6,C,NORMAL
19:36:25.849,SENSOR-UV,UV_INDEX,6.45,UV,WARNING
19:36:25.850,SENSOR-HUMID,HUMIDITY,79.6,%,NORMAL
19:36:25.850,SENSOR-RAIN,RAINFALL,32.64,mm,CRITICAL
19:36:25.850,SENSOR-TEMP,TEMP,40.88,C,CRITICAL
19:36:25.851,SENSOR-WIND,WIND,62.45,km/h,CRITICAL
19:36:25.852,SENSOR-TEMP,TEMP,18.59,C,NOTICE
19:36:25.852,SENSOR-UV,UV_INDEX,3.69,UV,NORMAL
19:36:25.852,SENSOR-SOIL,SOIL_MOIST,38.47,%,NORMAL
19:36:25.852,SENSOR-AQI,AQI,194.77,AQI,CRITICAL
19:36:25.854,SENSOR-RAIN,RAINFALL,49.48,mm,CRITICAL
19:36:25.854,SENSOR-HUMID,HUMIDITY,56.82,%,NORMAL
19:36:25.856,SENSOR-WIND,WIND,69.44,km/h,CRITICAL
19:36:25.857,SENSOR-RAIN,RAINFALL,31.66,mm,CRITICAL
19:36:25.857,SENSOR-SOIL,SOIL_MOIST,54.35,%,NORMAL
19:36:25.857,SENSOR-AQI,AQI,140.31,AQI,WARNING
19:36:25.857,SENSOR-TEMP,TEMP,41.24,C,CRITICAL
19:36:25.857,SENSOR-UV,UV_INDEX,4.22,UV,NORMAL
19:36:25.858,SENSOR-WIND,WIND,35.16,km/h,WARNING
19:36:25.859,SENSOR-HUMID,HUMIDITY,79.85,%,NORMAL
19:36:25.860,SENSOR-SOIL,SOIL_MOIST,55.87,%,NORMAL
19:36:25.860,SENSOR-RAIN,RAINFALL,48.98,mm,CRITICAL
19:36:25.860,SENSOR-AQI,AQI,51.31,AQI,NORMAL
19:36:25.862,SENSOR-HUMID,HUMIDITY,45.52,%,NORMAL
19:36:25.862,SENSOR-WIND,WIND,17.62,km/h,NORMAL
19:36:25.862,SENSOR-UV,UV_INDEX,5.11,UV,NORMAL
19:36:25.862,SENSOR-TEMP,TEMP,27.71,C,NORMAL
19:36:25.864,SENSOR-UV,UV_INDEX,7.42,UV,WARNING
19:36:25.864,SENSOR-SOIL,SOIL_MOIST,57.1,%,NORMAL
19:36:25.864,SENSOR-AQI,AQI,132.39,AQI,WARNING
19:36:25.864,SENSOR-RAIN,RAINFALL,24.68,mm,NORMAL
19:36:25.865,SENSOR-HUMID,HUMIDITY,33.99,%,NORMAL
19:36:25.868,SENSOR-TEMP,TEMP,39.55,C,CRITICAL
19:36:25.868,SENSOR-WIND,WIND,55.94,km/h,CRITICAL
19:36:25.868,SENSOR-AQI,AQI,115.49,AQI,WARNING
19:36:25.868,SENSOR-HUMID,HUMIDITY,38.44,%,NORMAL
19:36:25.868,SENSOR-UV,UV_INDEX,5.84,UV,NORMAL
19:36:25.868,SENSOR-RAIN,RAINFALL,13.13,mm,NORMAL
19:36:25.869,SENSOR-SOIL,SOIL_MOIST,53.8,%,NORMAL
19:36:25.870,SENSOR-RAIN,RAINFALL,35.28,mm,CRITICAL
19:36:25.870,SENSOR-WIND,WIND,70.35,km/h,CRITICAL
19:36:25.870,SENSOR-AQI,AQI,107.43,AQI,WARNING
19:36:25.871,SENSOR-TEMP,TEMP,25.12,C,NORMAL
19:36:25.871,SENSOR-SOIL,SOIL_MOIST,23.63,%,WARNING
19:36:25.872,SENSOR-HUMID,HUMIDITY,52.29,%,NORMAL
19:36:25.872,SENSOR-WIND,WIND,61.83,km/h,CRITICAL
19:36:25.872,SENSOR-UV,UV_INDEX,0.33,UV,NORMAL
19:36:25.873,SENSOR-TEMP,TEMP,35.33,C,CRITICAL
19:36:25.874,SENSOR-AQI,AQI,100.92,AQI,WARNING
19:36:25.874,SENSOR-WIND,WIND,30.49,km/h,WARNING
19:36:25.874,SENSOR-SOIL,SOIL_MOIST,77.29,%,NORMAL
19:36:25.875,SENSOR-RAIN,RAINFALL,38.37,mm,CRITICAL
19:36:25.875,SENSOR-UV,UV_INDEX,8.19,UV,CRITICAL
19:36:25.876,SENSOR-AQI,AQI,190.95,AQI,CRITICAL
19:36:25.876,SENSOR-HUMID,HUMIDITY,99.26,%,CRITICAL
19:36:25.876,SENSOR-TEMP,TEMP,19.62,C,NOTICE
19:36:25.876,SENSOR-WIND,WIND,40.93,km/h,WARNING
19:36:25.878,SENSOR-SOIL,SOIL_MOIST,46.31,%,NORMAL
19:36:25.878,SENSOR-RAIN,RAINFALL,33.75,mm,CRITICAL
19:36:25.878,SENSOR-WIND,WIND,68.78,km/h,CRITICAL
19:36:25.878,SENSOR-UV,UV_INDEX,0.31,UV,NORMAL
19:36:25.879,SENSOR-AQI,AQI,60.37,AQI,NORMAL
19:36:25.881,SENSOR-HUMID,HUMIDITY,89.82,%,CRITICAL
19:36:25.881,SENSOR-SOIL,SOIL_MOIST,50.77,%,NORMAL
19:36:25.881,SENSOR-WIND,WIND,40.28,km/h,WARNING
19:36:25.881,SENSOR-TEMP,TEMP,34.42,C,NORMAL
19:36:25.881,SENSOR-RAIN,RAINFALL,11.89,mm,NORMAL
19:36:25.883,SENSOR-UV,UV_INDEX,7.16,UV,WARNING
19:36:25.883,SENSOR-SOIL,SOIL_MOIST,54.36,%,NORMAL
19:36:25.883,SENSOR-WIND,WIND,52.61,km/h,CRITICAL
19:36:25.883,SENSOR-AQI,AQI,131.54,AQI,WARNING
19:36:25.884,SENSOR-HUMID,HUMIDITY,44.68,%,NORMAL
19:36:25.885,SENSOR-TEMP,TEMP,30.12,C,NORMAL
19:36:25.885,SENSOR-RAIN,RAINFALL,31.29,mm,CRITICAL
19:36:25.886,SENSOR-RAIN,RAINFALL,9.86,mm,NORMAL
19:36:25.886,SENSOR-AQI,AQI,180.69,AQI,CRITICAL
19:36:25.887,SENSOR-WIND,WIND,69.41,km/h,CRITICAL
19:36:25.888,SENSOR-SOIL,SOIL_MOIST,75.4,%,NORMAL
19:36:25.888,SENSOR-UV,UV_INDEX,10.02,UV,CRITICAL
19:36:25.889,SENSOR-HUMID,HUMIDITY,80.46,%,NORMAL
19:36:25.889,SENSOR-TEMP,TEMP,41.21,C,CRITICAL
19:36:25.889,SENSOR-RAIN,RAINFALL,33.58,mm,CRITICAL
19:36:25.889,SENSOR-WIND,WIND,65.49,km/h,CRITICAL
19:36:25.889,SENSOR-AQI,AQI,65.63,AQI,NORMAL
19:36:25.892,SENSOR-UV,UV_INDEX,4.21,UV,NORMAL
19:36:25.892,SENSOR-SOIL,SOIL_MOIST,16.65,%,CRITICAL
19:36:25.892,SENSOR-AQI,AQI,82.85,AQI,NORMAL
19:36:25.892,SENSOR-WIND,WIND,30.99,km/h,WARNING
19:36:25.894,SENSOR-HUMID,HUMIDITY,85.9,%,CRITICAL
19:36:25.894,SENSOR-TEMP,TEMP,31.9,C,NORMAL
19:36:25.894,SENSOR-UV,UV_INDEX,2.4,UV,NORMAL
19:36:25.894,SENSOR-WIND,WIND,78.56,km/h,CRITICAL
19:36:25.894,SENSOR-RAIN,RAINFALL,11.76,mm,NORMAL
19:36:25.894,SENSOR-AQI,AQI,184.44,AQI,CRITICAL
19:36:25.895,SENSOR-SOIL,SOIL_MOIST,56.47,%,NORMAL
19:36:25.896,SENSOR-HUMID,HUMIDITY,47.76,%,NORMAL
19:36:25.897,SENSOR-RAIN,RAINFALL,22.26,mm,NORMAL
19:36:25.897,SENSOR-WIND,WIND,49.57,km/h,WARNING
19:36:25.897,SENSOR-TEMP,TEMP,26.51,C,NORMAL
19:36:25.899,SENSOR-RAIN,RAINFALL,29.78,mm,CRITICAL
19:36:25.899,SENSOR-HUMID,HUMIDITY,30.3,%,NORMAL
19:36:25.899,SENSOR-TEMP,TEMP,23.12,C,NORMAL
19:36:25.899,SENSOR-AQI,AQI,137.72,AQI,WARNING
19:36:25.900,SENSOR-SOIL,SOIL_MOIST,12.04,%,CRITICAL
19:36:25.900,SENSOR-UV,UV_INDEX,9.98,UV,CRITICAL
19:36:25.900,SENSOR-WIND,WIND,62.94,km/h,CRITICAL
19:36:25.901,SENSOR-AQI,AQI,189.76,AQI,CRITICAL
19:36:25.902,SENSOR-UV,UV_INDEX,8.18,UV,CRITICAL
19:36:25.902,SENSOR-RAIN,RAINFALL,13.24,mm,NORMAL
19:36:25.903,SENSOR-HUMID,HUMIDITY,73.0,%,NORMAL
19:36:25.903,SENSOR-WIND,WIND,33.64,km/h,WARNING
19:36:25.903,SENSOR-SOIL,SOIL_MOIST,57.1,%,NORMAL
19:36:25.903,SENSOR-TEMP,TEMP,38.27,C,CRITICAL
19:36:25.904,SENSOR-RAIN,RAINFALL,12.97,mm,NORMAL
19:36:25.905,SENSOR-AQI,AQI,177.04,AQI,CRITICAL
19:36:25.906,SENSOR-WIND,WIND,59.51,km/h,CRITICAL
19:36:25.907,SENSOR-UV,UV_INDEX,3.01,UV,NORMAL
19:36:25.907,SENSOR-HUMID,HUMIDITY,72.83,%,NORMAL
19:36:25.908,SENSOR-WIND,WIND,49.97,km/h,WARNING
19:36:25.908,SENSOR-TEMP,TEMP,33.72,C,NORMAL
19:36:25.908,SENSOR-SOIL,SOIL_MOIST,76.0,%,NORMAL
19:36:25.909,SENSOR-RAIN,RAINFALL,44.26,mm,CRITICAL
19:36:25.910,SENSOR-SOIL,SOIL_MOIST,71.59,%,NORMAL
19:36:25.910,SENSOR-AQI,AQI,193.4,AQI,CRITICAL
19:36:25.910,SENSOR-WIND,WIND,21.04,km/h,NORMAL
19:36:25.910,SENSOR-TEMP,TEMP,26.33,C,NORMAL
19:36:25.912,SENSOR-UV,UV_INDEX,5.39,UV,NORMAL
19:36:25.912,SENSOR-HUMID,HUMIDITY,76.47,%,NORMAL
19:36:25.914,SENSOR-RAIN,RAINFALL,49.06,mm,CRITICAL
19:36:25.914,SENSOR-WIND,WIND,6.9,km/h,NORMAL
19:36:25.914,SENSOR-TEMP,TEMP,31.03,C,NORMAL
19:36:25.915,SENSOR-RAIN,RAINFALL,43.95,mm,CRITICAL
19:36:25.915,SENSOR-AQI,AQI,148.97,AQI,WARNING
19:36:25.915,SENSOR-HUMID,HUMIDITY,64.38,%,NORMAL
19:36:25.915,SENSOR-TEMP,TEMP,34.41,C,NORMAL
19:36:25.915,SENSOR-SOIL,SOIL_MOIST,57.58,%,NORMAL
19:36:25.915,SENSOR-UV,UV_INDEX,0.09,UV,NORMAL
19:36:25.917,SENSOR-RAIN,RAINFALL,17.09,mm,NORMAL
19:36:25.918,SENSOR-AQI,AQI,178.73,AQI,CRITICAL
19:36:25.918,SENSOR-WIND,WIND,40.42,km/h,WARNING
19:36:25.918,SENSOR-TEMP,TEMP,27.16,C,NORMAL
19:36:25.918,SENSOR-RAIN,RAINFALL,12.69,mm,NORMAL
19:36:25.918,SENSOR-HUMID,HUMIDITY,34.29,%,NORMAL
19:36:25.919,SENSOR-UV,UV_INDEX,4.06,UV,NORMAL
19:36:25.920,SENSOR-SOIL,SOIL_MOIST,63.09,%,NORMAL
19:36:25.921,SENSOR-AQI,AQI,27.47,AQI,NORMAL
19:36:25.921,SENSOR-UV,UV_INDEX,0.22,UV,NORMAL
19:36:25.922,SENSOR-RAIN,RAINFALL,35.42,mm,CRITICAL
19:36:25.922,SENSOR-TEMP,TEMP,39.44,C,CRITICAL
19:36:25.922,SENSOR-WIND,WIND,23.68,km/h,NORMAL
19:36:25.922,SENSOR-HUMID,HUMIDITY,98.13,%,CRITICAL
19:36:25.923,SENSOR-SOIL,SOIL_MOIST,19.78,%,CRITICAL
19:36:25.923,SENSOR-AQI,AQI,61.16,AQI,NORMAL
19:36:25.923,SENSOR-UV,UV_INDEX,3.64,UV,NORMAL
19:36:25.925,SENSOR-SOIL,SOIL_MOIST,36.59,%,NORMAL
19:36:25.926,SENSOR-TEMP,TEMP,40.23,C,CRITICAL
19:36:25.926,SENSOR-RAIN,RAINFALL,47.51,mm,CRITICAL
19:36:25.928,SENSOR-SOIL,SOIL_MOIST,54.53,%,NORMAL
19:36:25.928,SENSOR-HUMID,HUMIDITY,62.68,%,NORMAL
19:36:25.928,SENSOR-UV,UV_INDEX,5.59,UV,NORMAL
19:36:25.928,SENSOR-AQI,AQI,139.86,AQI,WARNING
19:36:25.928,SENSOR-WIND,WIND,65.14,km/h,CRITICAL
19:36:25.930,SENSOR-TEMP,TEMP,27.26,C,NORMAL
19:36:25.930,SENSOR-SOIL,SOIL_MOIST,14.35,%,CRITICAL
19:36:25.931,SENSOR-UV,UV_INDEX,0.41,UV,NORMAL
19:36:25.931,SENSOR-RAIN,RAINFALL,24.15,mm,NORMAL
19:36:25.932,SENSOR-HUMID,HUMIDITY,39.82,%,NORMAL
19:36:25.932,SENSOR-WIND,WIND,56.71,km/h,CRITICAL
19:36:25.932,SENSOR-AQI,AQI,42.65,AQI,NORMAL
19:36:25.934,SENSOR-TEMP,TEMP,33.6,C,NORMAL
19:36:25.936,SENSOR-SOIL,SOIL_MOIST,40.02,%,NORMAL
19:36:25.936,SENSOR-HUMID,HUMIDITY,73.55,%,NORMAL
19:36:25.936,SENSOR-AQI,AQI,122.05,AQI,WARNING
19:36:25.937,SENSOR-TEMP,TEMP,36.71,C,CRITICAL
19:36:25.937,SENSOR-RAIN,RAINFALL,39.07,mm,CRITICAL
19:36:25.937,SENSOR-WIND,WIND,55.37,km/h,CRITICAL
19:36:25.937,SENSOR-UV,UV_INDEX,0.93,UV,NORMAL
19:36:25.938,SENSOR-AQI,AQI,156.47,AQI,CRITICAL
19:36:25.939,SENSOR-SOIL,SOIL_MOIST,56.68,%,NORMAL
19:36:25.940,SENSOR-HUMID,HUMIDITY,96.23,%,CRITICAL
19:36:25.940,SENSOR-WIND,WIND,43.73,km/h,WARNING
19:36:25.941,SENSOR-RAIN,RAINFALL,24.82,mm,NORMAL
19:36:25.941,SENSOR-AQI,AQI,165.08,AQI,CRITICAL
19:36:25.941,SENSOR-UV,UV_INDEX,6.37,UV,WARNING
19:36:25.942,SENSOR-TEMP,TEMP,33.92,C,NORMAL
19:36:25.943,SENSOR-SOIL,SOIL_MOIST,53.57,%,NORMAL
19:36:25.943,SENSOR-HUMID,HUMIDITY,73.64,%,NORMAL
19:36:25.943,SENSOR-WIND,WIND,77.7,km/h,CRITICAL
19:36:25.945,SENSOR-TEMP,TEMP,36.68,C,CRITICAL
19:36:25.945,SENSOR-UV,UV_INDEX,5.85,UV,NORMAL
19:36:25.946,SENSOR-HUMID,HUMIDITY,72.29,%,NORMAL
19:36:25.946,SENSOR-AQI,AQI,172.84,AQI,CRITICAL
19:36:25.946,SENSOR-SOIL,SOIL_MOIST,60.24,%,NORMAL
19:36:25.947,SENSOR-TEMP,TEMP,21.56,C,NORMAL
19:36:25.947,SENSOR-RAIN,RAINFALL,5.85,mm,NORMAL
19:36:25.947,SENSOR-WIND,WIND,17.58,km/h,NORMAL
19:36:25.949,SENSOR-UV,UV_INDEX,8.56,UV,CRITICAL
19:36:25.950,SENSOR-TEMP,TEMP,35.58,C,CRITICAL
19:36:25.951,SENSOR-RAIN,RAINFALL,46.35,mm,CRITICAL
19:36:25.951,SENSOR-SOIL,SOIL_MOIST,44.6,%,NORMAL
19:36:25.951,SENSOR-WIND,WIND,31.2,km/h,WARNING
19:36:25.951,SENSOR-HUMID,HUMIDITY,48.22,%,NORMAL
19:36:25.951,SENSOR-AQI,AQI,187.27,AQI,CRITICAL
19:36:25.953,SENSOR-HUMID,HUMIDITY,98.43,%,CRITICAL
19:36:25.953,SENSOR-AQI,AQI,183.16,AQI,CRITICAL
19:36:25.954,SENSOR-UV,UV_INDEX,0.18,UV,NORMAL
19:36:25.954,SENSOR-SOIL,SOIL_MOIST,16.59,%,CRITICAL
19:36:25.954,SENSOR-RAIN,RAINFALL,4.53,mm,NORMAL
19:36:25.955,SENSOR-TEMP,TEMP,32.87,C,NORMAL
19:36:25.955,SENSOR-HUMID,HUMIDITY,36.06,%,NORMAL
19:36:25.955,SENSOR-AQI,AQI,41.4,AQI,NORMAL
19:36:25.955,SENSOR-WIND,WIND,78.97,km/h,CRITICAL
19:36:25.956,SENSOR-RAIN,RAINFALL,39.09,mm,CRITICAL
19:36:25.957,SENSOR-SOIL,SOIL_MOIST,50.25,%,NORMAL
19:36:25.958,SENSOR-WIND,WIND,78.75,km/h,CRITICAL
19:36:25.958,SENSOR-HUMID,HUMIDITY,84.13,%,NORMAL
19:36:25.959,SENSOR-AQI,AQI,172.11,AQI,CRITICAL
19:36:25.959,SENSOR-TEMP,TEMP,19.07,C,NOTICE
19:36:25.959,SENSOR-UV,UV_INDEX,7.62,UV,WARNING
19:36:25.960,SENSOR-RAIN,RAINFALL,3.29,mm,NORMAL
19:36:25.961,SENSOR-HUMID,HUMIDITY,66.49,%,NORMAL
19:36:25.962,SENSOR-SOIL,SOIL_MOIST,61.74,%,NORMAL
19:36:25.963,SENSOR-TEMP,TEMP,22.95,C,NORMAL
19:36:25.963,SENSOR-HUMID,HUMIDITY,95.73,%,CRITICAL
19:36:25.963,SENSOR-UV,UV_INDEX,5.54,UV,NORMAL
19:36:25.963,SENSOR-WIND,WIND,41.06,km/h,WARNING
19:36:25.963,SENSOR-AQI,AQI,162.82,AQI,CRITICAL
19:36:25.965,SENSOR-AQI,AQI,46.94,AQI,NORMAL
19:36:25.965,SENSOR-UV,UV_INDEX,2.02,UV,NORMAL
19:36:25.965,SENSOR-RAIN,RAINFALL,3.83,mm,NORMAL
19:36:25.966,SENSOR-SOIL,SOIL_MOIST,10.45,%,CRITICAL
19:36:25.966,SENSOR-WIND,WIND,74.54,km/h,CRITICAL
19:36:25.968,SENSOR-AQI,AQI,199.78,AQI,CRITICAL
19:36:25.969,SENSOR-HUMID,HUMIDITY,66.94,%,NORMAL
19:36:25.969,SENSOR-WIND,WIND,10.14,km/h,NORMAL
19:36:25.969,SENSOR-TEMP,TEMP,40.98,C,CRITICAL
19:36:25.969,SENSOR-UV,UV_INDEX,2.64,UV,NORMAL
19:36:25.970,SENSOR-RAIN,RAINFALL,0.89,mm,NORMAL
19:36:25.970,SENSOR-SOIL,SOIL_MOIST,40.38,%,NORMAL
19:36:25.971,SENSOR-WIND,WIND,40.06,km/h,WARNING
19:36:25.972,SENSOR-AQI,AQI,25.18,AQI,NORMAL
19:36:25.972,SENSOR-TEMP,TEMP,18.41,C,NOTICE
19:36:25.973,SENSOR-UV,UV_INDEX,7.2,UV,WARNING
19:36:25.973,SENSOR-HUMID,HUMIDITY,75.69,%,NORMAL
19:36:25.974,SENSOR-RAIN,RAINFALL,45.59,mm,CRITICAL
19:36:25.974,SENSOR-SOIL,SOIL_MOIST,56.37,%,NORMAL
19:36:25.974,SENSOR-WIND,WIND,5.41,km/h,NORMAL
19:36:25.974,SENSOR-AQI,AQI,24.78,AQI,NORMAL
19:36:25.975,SENSOR-HUMID,HUMIDITY,73.77,%,NORMAL
19:36:25.976,SENSOR-TEMP,TEMP,28.14,C,NORMAL
19:36:25.977,SENSOR-UV,UV_INDEX,9.97,UV,CRITICAL
19:36:25.977,SENSOR-WIND,WIND,63.34,km/h,CRITICAL
19:36:25.978,SENSOR-AQI,AQI,66.35,AQI,NORMAL
19:36:25.978,SENSOR-HUMID,HUMIDITY,30.79,%,NORMAL
19:36:25.978,SENSOR-RAIN,RAINFALL,13.12,mm,NORMAL
19:36:25.979,SENSOR-HUMID,HUMIDITY,60.73,%,NORMAL
19:36:25.979,SENSOR-TEMP,TEMP,39.54,C,CRITICAL
19:36:25.979,SENSOR-SOIL,SOIL_MOIST,73.69,%,NORMAL
19:36:25.979,SENSOR-AQI,AQI,168.19,AQI,CRITICAL
19:36:25.981,SENSOR-UV,UV_INDEX,3.9,UV,NORMAL
19:36:25.981,SENSOR-WIND,WIND,70.88,km/h,CRITICAL
19:36:25.982,SENSOR-HUMID,HUMIDITY,88.46,%,CRITICAL
19:36:25.982,SENSOR-AQI,AQI,152.16,AQI,CRITICAL
19:36:25.982,SENSOR-RAIN,RAINFALL,4.98,mm,NORMAL
19:36:25.982,SENSOR-TEMP,TEMP,40.07,C,CRITICAL
19:36:25.982,SENSOR-SOIL,SOIL_MOIST,65.68,%,NORMAL
19:36:25.984,SENSOR-RAIN,RAINFALL,18.61,mm,NORMAL
19:36:25.984,SENSOR-UV,UV_INDEX,9.64,UV,CRITICAL
19:36:25.987,SENSOR-HUMID,HUMIDITY,57.96,%,NORMAL
19:36:25.987,SENSOR-SOIL,SOIL_MOIST,22.76,%,WARNING
19:36:25.987,SENSOR-TEMP,TEMP,24.48,C,NORMAL
19:36:25.987,SENSOR-WIND,WIND,51.15,km/h,CRITICAL
19:36:25.987,SENSOR-UV,UV_INDEX,6.58,UV,WARNING
19:36:25.989,SENSOR-RAIN,RAINFALL,30.21,mm,CRITICAL
19:36:25.990,SENSOR-SOIL,SOIL_MOIST,48.19,%,NORMAL
19:36:25.990,SENSOR-UV,UV_INDEX,0.33,UV,NORMAL
19:36:25.990,SENSOR-TEMP,TEMP,40.96,C,CRITICAL
19:36:25.991,SENSOR-HUMID,HUMIDITY,42.21,%,NORMAL
19:36:25.991,SENSOR-RAIN,RAINFALL,26.87,mm,CRITICAL
19:36:25.991,SENSOR-WIND,WIND,3.99,km/h,NORMAL
19:36:25.995,SENSOR-HUMID,HUMIDITY,31.71,%,NORMAL
19:36:25.995,SENSOR-RAIN,RAINFALL,14.94,mm,NORMAL
19:36:25.995,SENSOR-UV,UV_INDEX,8.38,UV,CRITICAL
19:36:25.996,SENSOR-SOIL,SOIL_MOIST,45.65,%,NORMAL
19:36:25.996,SENSOR-WIND,WIND,56.42,km/h,CRITICAL
19:36:25.996,SENSOR-TEMP,TEMP,24.7,C,NORMAL
19:36:25.997,SENSOR-SOIL,SOIL_MOIST,55.32,%,NORMAL
19:36:25.997,SENSOR-WIND,WIND,32.06,km/h,WARNING
19:36:25.999,SENSOR-SOIL,SOIL_MOIST,79.44,%,NORMAL
19:36:25.999,SENSOR-UV,UV_INDEX,0.78,UV,NORMAL
19:36:25.999,SENSOR-RAIN,RAINFALL,48.27,mm,CRITICAL
19:36:25.999,SENSOR-WIND,WIND,66.48,km/h,CRITICAL
19:36:26.001,SENSOR-WIND,WIND,58.43,km/h,CRITICAL
19:36:26.001,SENSOR-HUMID,HUMIDITY,71.03,%,NORMAL
19:36:26.002,SENSOR-RAIN,RAINFALL,46.72,mm,CRITICAL
19:36:26.004,SENSOR-SOIL,SOIL_MOIST,72.99,%,NORMAL
19:36:26.004,SENSOR-UV,UV_INDEX,9.5,UV,CRITICAL
19:36:26.004,SENSOR-RAIN,RAINFALL,17.71,mm,NORMAL
19:36:26.006,SENSOR-HUMID,HUMIDITY,44.53,%,NORMAL
19:36:26.008,SENSOR-UV,UV_INDEX,6.79,UV,WARNING
19:36:26.008,SENSOR-RAIN,RAINFALL,41.76,mm,CRITICAL
19:36:26.010,SENSOR-HUMID,HUMIDITY,30.38,%,NORMAL
19:36:26.011,SENSOR-UV,UV_INDEX,9.92,UV,CRITICAL
19:36:26.013,SENSOR-RAIN,RAINFALL,17.74,mm,NORMAL
19:36:26.014,SENSOR-HUMID,HUMIDITY,30.25,%,NORMAL
19:36:26.015,SENSOR-UV,UV_INDEX,11.0,UV,CRITICAL
19:36:26.018,SENSOR-RAIN,RAINFALL,34.43,mm,CRITICAL
19:36:26.018,SENSOR-HUMID,HUMIDITY,55.2,%,NORMAL
19:36:26.019,SENSOR-UV,UV_INDEX,5.73,UV,NORMAL
19:36:26.021,SENSOR-RAIN,RAINFALL,13.96,mm,NORMAL
19:36:26.023,SENSOR-HUMID,HUMIDITY,56.68,%,NORMAL
19:36:26.024,SENSOR-RAIN,RAINFALL,1.65,mm,NORMAL
19:36:26.025,SENSOR-HUMID,HUMIDITY,80.84,%,NORMAL
19:36:26.028,SENSOR-RAIN,RAINFALL,0.75,mm,NORMAL
19:36:26.033,SENSOR-RAIN,RAINFALL,46.81,mm,CRITICAL
19:36:26.037,SENSOR-RAIN,RAINFALL,30.43,mm,CRITICAL
19:36:26.039,SENSOR-RAIN,RAINFALL,5.99,mm,NORMAL
