day,temperature,humidity,rainfall,wind_speed,wind_direction,aqi
Monday,27.6,47.3,5.7,14.0,SE,53
Tuesday,22.6,70.0,0.0,8.0,SE,77
Wednesday,21.7,51.3,0.0,12.3,NE,69
Thursday,27.3,47.0,0.0,6.8,W,41
Friday,23.3,58.3,0.6,22.5,NE,87
Saturday,27.6,54.5,0.0,7.7,SE,61
Sunday,21.8,46.3,0.3,20.8,W,54
Monday,18.5,69.1,0.0,14.6,S,61
Tuesday,26.5,53.6,0.0,10.8,NE,80
Wednesday,24.5,48.7,0.9,10.8,NE,80
Thursday,25.3,64.9,0.0,18.9,N,64
Friday,16.8,56.5,3.7,10.3,SE,87
Saturday,23.1,54.9,0.0,10.7,S,43
Sunday,28.3,69.5,0.0,8.6,NW,61
Monday,20.5,54.9,0.0,22.7,NW,80
Tuesday,19.2,52.4,0.0,18.2,E,54
Wednesday,30.2,45.2,0.0,5.3,E,81
Thursday,24.8,66.7,0.0,14.6,E,69
Friday,30.0,59.8,0.0,7.9,N,88
Saturday,21.6,55.9,0.0,23.9,NW,72
Sunday,25.2,69.9,0.0,24.4,S,77
Monday,24.9,66.4,0.0,20.4,SW,83
Tuesday,26.0,55.8,0.0,20.3,SW,82
Wednesday,30.2,51.1,0.0,5.8,NE,47
Thursday,24.9,67.6,0.0,17.6,SE,45
Friday,17.7,56.4,0.0,8.7,SW,82
Saturday,22.0,69.2,0.0,12.5,N,68
Sunday,23.7,69.2,0.0,6.1,E,79
Monday,19.6,52.3,0.0,11.6,SW,46
Tuesday,23.3,50.4,0.0,21.5,E,69
Wednesday,28.5,58.6,0.0,16.8,E,85
Thursday,26.1,62.3,0.0,27.9,N,107
Friday,25.4,49.7,0.0,16.4,SW,65
Saturday,30.8,59.9,0.0,22.6,S,52
Sunday,19.1,54.2,0.0,5.9,W,52
Monday,25.5,62.3,0.0,18.0,S,42
Tuesday,27.4,57.3,3.9,11.2,SE,60
Wednesday,23.1,49.3,0.0,11.0,S,65
Thursday,27.6,58.7,0.0,26.8,E,114
Friday,29.8,53.4,0.0,13.8,SW,78
Saturday,20.8,60.6,0.0,5.4,N,66
Sunday,22.4,64.8,0.0,27.5,NW,83
Monday,28.3,67.2,0.0,25.1,E,75
Tuesday,24.5,48.1,9.1,21.7,S,49
Wednesday,23.7,64.4,1.1,12.9,SE,70
Thursday,25.6,51.8,0.0,7.2,NW,45
Friday,26.4,64.1,0.0,5.9,W,41
Saturday,28.7,69.4,0.0,10.3,SE,84
Sunday,30.9,49.0,0.0,19.0,NW,77
Monday,29.8,53.4,1.0,18.7,SW,64
Tuesday,21.5,50.6,0.0,24.9,E,89
Wednesday,18.6,68.5,0.0,27.3,NE,85
Thursday,30.6,64.1,0.0,21.2,S,52
Friday,28.9,50.4,0.0,18.6,S,48
Saturday,24.2,53.9,0.0,24.5,SW,62
Sunday,27.5,66.5,0.0,19.9,E,65
Monday,24.9,61.3,0.0,10.0,SW,50
Tuesday,28.2,50.1,0.1,15.2,NE,52
Wednesday,29.7,56.6,0.0,18.0,E,58
Thursday,23.2,55.7,0.0,16.0,NW,56
Friday,22.7,61.3,0.0,17.3,SE,67
Saturday,20.7,77.8,0.0,7.1,NE,56
Sunday,20.8,75.2,0.0,17.7,W,63
Monday,29.7,82.2,0.0,11.5,S,62
Tuesday,24.7,98.0,25.6,15.6,E,63
Wednesday,25.9,60.2,0.0,13.9,W,57
Thursday,22.4,79.9,2.4,16.0,NW,68
Friday,28.9,71.7,0.0,3.1,NW,48
Saturday,21.6,87.4,32.8,15.0,SE,47
Sunday,19.2,65.5,0.0,7.7,E,56
Monday,21.6,83.6,38.6,7.8,NW,41
Tuesday,24.7,73.7,0.0,13.8,NE,32
Wednesday,21.8,96.2,20.2,9.7,E,61
Thursday,24.6,89.1,6.2,14.0,NE,31
Friday,30.2,78.7,27.3,11.0,E,34
Saturday,20.8,71.6,32.6,8.4,E,66
Sunday,27.6,84.9,0.0,15.5,SW,40
Monday,24.1,91.0,21.8,13.5,SW,39
Tuesday,29.0,72.9,17.5,5.2,E,57
Wednesday,28.7,68.1,0.0,14.5,SW,58
Thursday,27.3,80.9,0.0,17.9,W,35
Friday,19.7,71.1,0.0,14.0,W,68
Saturday,22.3,82.2,0.0,8.7,S,34
Sunday,27.6,85.9,33.0,8.8,E,57
Monday,27.2,77.0,29.3,14.5,S,37
Tuesday,28.2,89.4,28.1,17.0,NE,36
Wednesday,23.5,68.0,9.8,16.3,E,35
Thursday,24.5,71.8,0.0,3.0,NW,38
Friday,18.5,83.9,0.0,9.1,SE,57
Saturday,20.3,84.9,3.2,15.8,SE,65
Sunday,17.9,85.7,33.4,14.5,W,56
Monday,23.4,86.3,27.9,8.7,NW,26
Tuesday,27.4,75.1,0.0,3.9,W,46
Wednesday,20.9,75.1,15.7,13.0,E,31
Thursday,28.5,97.7,39.9,9.5,NE,49
Friday,22.5,87.4,38.2,12.8,SE,30
Saturday,21.6,78.9,31.0,4.9,E,26
Sunday,23.0,83.6,33.3,13.0,SE,36
Monday,26.7,83.3,32.3,10.9,SW,64
Tuesday,27.1,76.4,0.0,10.1,E,39
Wednesday,24.9,72.6,8.5,2.1,SE,34
Thursday,23.8,98.0,28.0,6.4,S,46
Friday,27.7,86.1,0.0,5.3,SE,38
Saturday,26.5,86.3,9.8,6.9,N,43
Sunday,23.4,85.2,0.0,8.0,SW,26
Monday,25.7,88.5,33.5,11.7,NE,64
Tuesday,25.7,76.9,0.0,14.2,SW,50
Wednesday,27.1,89.8,29.5,10.8,W,45
Thursday,22.8,83.2,48.6,4.7,NE,47
Friday,23.3,90.8,20.4,6.4,NE,26
Saturday,27.5,74.6,0.0,11.6,NE,38
Sunday,20.3,98.0,20.7,8.1,SE,26
Monday,23.3,85.6,0.0,2.1,S,30
Tuesday,24.9,98.0,50.5,7.0,SW,64
Wednesday,26.6,92.0,48.5,4.4,NW,37
Thursday,23.6,77.9,0.0,12.5,E,33
Friday,19.6,98.0,19.7,10.4,SE,64
Saturday,21.5,93.6,11.4,4.2,SW,30
Sunday,21.1,82.6,54.8,10.7,E,48
Monday,27.2,89.4,20.4,4.0,SE,58
Tuesday,20.6,88.2,9.5,13.2,N,41
Wednesday,23.2,98.0,23.3,6.3,N,39
Thursday,27.4,97.8,22.0,12.0,W,35
Friday,25.8,84.7,3.8,6.3,W,35
Saturday,25.8,84.8,14.1,9.9,S,62
Sunday,22.6,67.6,0.0,15.9,S,47
Monday,17.7,98.0,22.8,13.6,NW,32
Tuesday,18.7,79.5,32.1,10.6,E,43
Wednesday,16.7,94.5,37.9,17.5,W,61
Thursday,25.7,87.4,38.5,4.2,SW,55
Friday,18.6,77.0,11.4,5.1,E,59
Saturday,24.9,71.3,0.0,6.1,S,32
Sunday,21.4,80.7,0.0,17.3,E,64
Monday,17.2,86.1,38.9,16.0,SE,32
Tuesday,24.8,68.7,0.0,6.7,SE,67
Wednesday,23.8,76.9,0.0,14.6,SW,57
Thursday,25.7,84.6,6.7,18.0,SW,43
Friday,23.3,78.0,12.0,11.1,W,33
Saturday,20.8,81.1,32.3,10.7,NW,61
Sunday,23.7,69.7,0.0,12.5,SE,41
Monday,22.8,93.2,43.7,5.0,NE,37
Tuesday,20.3,70.1,0.0,17.0,W,35
Wednesday,19.4,81.8,26.9,15.6,W,44
Thursday,20.6,68.4,0.0,12.9,NW,53
Friday,27.2,83.1,33.7,10.2,SW,55
Saturday,22.8,75.9,21.4,11.3,E,48
Sunday,20.3,87.2,27.0,11.0,E,35
Monday,26.9,86.6,0.0,7.0,SE,37
Tuesday,26.0,92.0,4.0,3.1,SW,64
Wednesday,19.1,98.0,44.5,15.5,S,61
Thursday,25.3,97.4,28.8,16.7,E,45
Friday,21.5,70.0,0.0,8.4,NE,65
Saturday,17.5,70.1,0.0,22.3,E,36
Sunday,22.1,60.1,0.0,17.3,SW,69
Monday,20.4,62.5,0.0,19.8,W,78
Tuesday,23.1,55.1,1.3,32.2,NW,42
Wednesday,16.5,60.8,2.1,15.8,E,36
Thursday,20.7,54.7,0.0,10.3,NE,61
Friday,24.2,72.4,0.0,27.0,NW,100
Saturday,15.6,54.5,0.0,13.6,S,82
Sunday,19.9,61.2,0.0,10.9,SW,50
Monday,19.1,70.3,0.3,15.5,NW,83
Tuesday,19.6,54.9,0.0,27.0,W,94
Wednesday,20.1,54.7,0.0,31.4,SW,104
Thursday,21.5,50.2,0.0,13.1,W,48
Friday,16.5,71.5,0.0,19.5,SW,37
Saturday,18.2,72.0,0.0,8.7,E,63
Sunday,23.1,74.8,0.0,23.2,NW,70
Monday,23.6,69.1,0.0,21.0,N,46
Tuesday,19.1,69.9,0.0,21.8,SW,35
Wednesday,15.5,67.6,10.4,13.4,E,45
Thursday,21.0,74.0,0.0,18.6,NW,83
Friday,26.6,57.0,0.0,25.7,W,63
Saturday,21.3,56.2,0.0,13.5,N,52
Sunday,20.0,60.7,0.0,27.5,S,94
Monday,18.3,56.1,1.4,25.0,S,40
Tuesday,16.7,63.9,0.0,8.8,E,62
Wednesday,20.6,59.4,0.0,9.3,E,69
Thursday,23.2,57.5,0.0,16.3,N,82
Friday,17.7,71.5,0.0,15.9,E,83
Saturday,17.3,62.0,0.0,29.2,E,59
Sunday,24.5,69.0,0.0,20.2,NE,62
Monday,16.9,66.7,0.0,36.2,S,64
Tuesday,13.9,53.4,0.0,31.6,N,95
Wednesday,19.8,56.7,0.0,12.9,SE,43
Thursday,13.9,61.0,0.0,19.1,S,74
Friday,14.5,63.9,0.0,33.7,E,62
Saturday,18.0,70.6,0.0,24.1,NW,52
Sunday,15.2,59.3,0.0,33.0,E,106
Monday,20.1,59.9,0.0,17.3,NE,62
Tuesday,15.4,52.9,0.0,33.1,NE,114
Wednesday,23.3,57.2,2.7,17.8,N,86
Thursday,18.9,65.9,0.0,31.1,NW,74
Friday,23.6,55.6,5.3,36.2,S,48
Saturday,22.7,51.6,0.0,14.7,NW,66
Sunday,14.0,61.5,0.0,17.0,NE,81
Monday,18.8,68.1,0.0,14.3,N,55
Tuesday,20.4,70.2,6.8,19.7,W,56
Wednesday,15.7,66.9,0.0,21.7,N,73
Thursday,22.7,69.7,3.1,26.8,E,64
Friday,14.9,57.0,0.0,30.3,S,85
Saturday,18.7,69.5,0.0,28.3,W,115
Sunday,16.6,59.4,0.0,21.1,NW,87
Monday,19.9,52.7,0.0,21.0,SW,46
Tuesday,15.8,62.2,0.0,25.8,E,82
Wednesday,14.7,62.8,0.0,17.0,SW,58
Thursday,21.3,55.1,0.0,16.1,SE,54
Friday,13.6,57.6,0.0,28.0,E,107
Saturday,16.3,52.9,0.0,13.4,W,47
Sunday,24.6,54.4,0.0,20.6,NW,83
Monday,17.7,64.3,0.0,26.3,SE,109
Tuesday,22.7,58.2,0.0,34.2,SW,84
Wednesday,18.9,58.9,0.0,21.6,N,71
Thursday,16.5,54.8,5.0,34.0,E,84
Friday,16.8,63.2,0.0,26.5,NE,92
Saturday,23.1,61.2,0.0,10.3,W,77
Sunday,23.5,64.5,8.7,26.4,N,63
Monday,18.3,63.2,0.0,14.9,SE,75
Tuesday,20.1,68.7,0.0,21.3,N,66
Wednesday,21.8,49.2,0.0,28.0,S,89
Thursday,22.9,59.2,0.0,37.9,NE,109
Friday,19.1,58.3,0.0,17.4,E,59
Saturday,21.9,62.6,0.0,19.9,W,57
Sunday,17.4,58.9,0.0,19.4,NW,78
Monday,16.5,69.6,1.7,23.2,S,69
Tuesday,18.2,72.3,0.0,35.6,W,83
Wednesday,17.8,70.9,0.0,17.7,NE,84
Thursday,22.6,63.3,3.8,34.5,N,82
Friday,20.0,61.9,3.1,14.5,SW,52
Saturday,16.1,64.1,0.0,13.6,SE,42
Sunday,18.6,66.8,0.0,22.9,NE,78
Monday,17.1,49.9,0.0,18.6,W,82
Tuesday,20.9,49.3,0.0,32.0,W,91
Wednesday,18.8,66.2,0.0,28.5,SW,98
Thursday,16.8,60.6,0.0,30.5,SW,94
Friday,15.8,69.2,6.8,14.7,NW,55
Saturday,22.7,54.0,0.0,10.6,N,61
Sunday,23.8,49.1,0.0,21.8,W,82
Monday,23.2,70.4,0.8,18.9,SW,87
Tuesday,16.1,72.9,0.0,25.3,S,110
Wednesday,18.2,58.7,0.0,23.8,N,62
Thursday,18.7,64.7,0.0,18.2,NW,64
Friday,20.9,72.2,0.0,19.3,NE,44
Saturday,18.6,61.5,0.0,17.6,S,47
Sunday,26.0,80.6,8.2,6.9,S,59
Monday,20.7,88.8,10.9,9.0,NE,57
Tuesday,23.2,83.8,23.6,21.9,NE,70
Wednesday,17.9,71.0,12.9,10.3,SE,49
Thursday,27.5,74.2,11.4,7.8,S,30
Friday,22.9,66.5,0.0,24.0,N,74
Saturday,19.3,67.4,17.6,10.2,S,45
Sunday,22.7,88.1,27.1,14.2,W,64
Monday,26.2,79.2,17.5,22.2,W,66
Tuesday,25.6,69.9,0.0,13.6,SE,53
Wednesday,18.7,82.4,14.8,12.2,W,43
Thursday,20.5,76.5,0.0,20.6,S,45
Friday,19.4,62.5,0.0,9.7,N,42
Saturday,27.5,82.0,0.0,24.9,NE,56
Sunday,27.0,67.4,0.0,6.5,SE,73
Monday,19.5,74.3,17.4,19.7,E,42
Tuesday,16.3,71.2,13.8,9.9,E,31
Wednesday,24.6,68.5,26.8,6.3,SE,44
Thursday,23.5,78.1,0.0,20.8,W,56
Friday,28.3,66.1,26.2,12.0,NE,30
Saturday,17.3,76.1,7.1,6.6,N,59
Sunday,25.7,75.4,0.0,20.8,E,38
Monday,21.0,64.9,0.0,22.6,W,58
Tuesday,17.2,75.7,23.6,9.8,NW,35
Wednesday,26.9,81.5,0.0,14.6,SW,54
Thursday,24.2,72.2,16.8,13.8,SW,45
Friday,26.8,68.1,8.7,6.6,SE,48
Saturday,24.2,71.9,0.0,14.4,E,43
Sunday,18.4,58.3,0.0,24.1,NW,58
Monday,17.1,69.8,0.0,21.0,S,56
Tuesday,21.3,94.8,30.5,17.9,SW,49
Wednesday,22.7,88.6,0.0,17.4,S,29
Thursday,24.5,67.9,5.0,15.6,E,35
Friday,26.3,73.7,42.2,16.1,NE,48
Saturday,20.9,87.9,27.5,18.7,E,52
Sunday,22.1,84.4,19.4,7.8,E,36
Monday,17.0,84.0,20.2,4.9,NE,55
Tuesday,27.1,65.8,0.0,4.4,S,38
Wednesday,17.8,66.4,0.0,14.6,W,51
Thursday,22.8,62.8,0.0,6.5,SW,56
Friday,18.8,92.7,11.4,8.3,W,51
Saturday,24.6,88.3,0.0,3.2,N,29
Sunday,22.5,60.4,0.0,5.0,W,30
Monday,28.3,88.1,6.5,4.6,S,33
Tuesday,18.8,81.8,32.5,19.3,NE,35
Wednesday,27.0,86.5,0.0,17.0,W,41
Thursday,22.8,98.0,37.7,15.9,SW,52
Friday,22.3,76.4,11.1,18.4,SW,49
Saturday,19.7,67.2,0.0,5.4,SE,57
Sunday,19.3,67.3,37.1,6.4,NW,39
Monday,25.6,78.9,22.6,7.6,SW,32
Tuesday,25.0,79.1,36.4,15.2,W,59
Wednesday,25.9,83.6,7.1,8.4,N,39
Thursday,28.1,78.9,9.1,3.4,E,31
Friday,17.7,97.9,22.1,3.2,N,40
Saturday,25.0,71.4,0.0,10.5,S,47
Sunday,20.8,98.0,23.2,9.0,SW,32
Monday,16.9,81.2,34.6,13.0,W,50
Tuesday,19.4,68.5,10.1,14.5,E,47
Wednesday,17.5,70.2,0.0,10.9,NE,53
Thursday,26.8,80.9,42.8,12.9,SW,42
Friday,21.9,80.5,18.3,8.0,E,50
Saturday,25.9,83.9,0.0,19.0,NE,57
Sunday,25.7,69.9,0.0,4.8,NW,41
Monday,22.2,87.9,0.0,14.5,W,55
Tuesday,21.5,69.7,0.0,3.6,N,54
Wednesday,18.9,70.5,8.8,11.8,NW,51
Thursday,19.2,94.5,15.9,15.9,W,64
Friday,24.4,81.9,34.3,8.8,W,50
Saturday,19.2,61.7,0.0,15.1,N,42
Sunday,25.5,86.8,0.0,12.0,N,61
Monday,17.1,73.9,10.6,19.1,SE,52
Tuesday,24.1,88.9,35.1,13.1,SE,32
Wednesday,24.2,71.1,0.0,10.3,S,53
Thursday,23.6,65.1,0.0,19.8,SW,44
Friday,25.2,70.5,30.3,12.6,W,57
Saturday,24.6,76.0,10.3,13.2,W,47
Sunday,22.1,73.2,0.0,3.7,E,40
Monday,16.8,83.0,34.0,16.0,W,32
Tuesday,26.4,95.4,28.9,6.2,NE,60
Wednesday,17.6,63.7,0.0,12.9,SW,58
Thursday,18.8,65.4,0.0,19.4,NE,51
Friday,25.3,96.2,21.3,3.8,S,53
Saturday,23.8,93.9,31.5,15.8,S,62
Sunday,18.3,80.4,3.4,5.6,S,56
Monday,16.7,90.1,20.7,14.4,S,56
Tuesday,26.3,75.2,16.6,4.6,N,45
Wednesday,19.9,69.9,20.2,10.4,NW,51
Thursday,18.0,73.8,0.0,16.4,SE,47
Friday,19.8,74.2,0.0,15.2,SW,64
Saturday,16.9,90.5,24.5,17.6,SW,47
Sunday,24.2,56.3,0.0,21.0,S,46
Monday,25.5,53.4,0.0,11.9,S,42
Tuesday,25.1,63.3,0.0,24.0,E,65
Wednesday,23.7,69.2,0.0,20.6,SW,80
Thursday,25.5,70.1,0.0,11.5,NW,82
Friday,19.3,52.0,0.0,6.0,W,39
Saturday,28.4,66.3,0.0,22.1,S,42
Sunday,27.3,61.1,0.0,26.3,SE,51
Monday,20.0,61.2,0.0,17.4,S,78
Tuesday,26.9,67.5,0.0,8.4,NE,41
Wednesday,22.0,70.8,0.0,11.8,E,61
Thursday,28.6,49.3,0.0,17.0,NW,53
Friday,20.2,54.3,0.0,6.0,E,44
Saturday,27.6,71.2,0.0,18.3,W,39
Sunday,24.6,69.9,0.0,12.6,S,75
Monday,28.6,71.6,5.0,27.3,SE,76
Tuesday,22.4,53.5,0.0,6.2,SW,75
Wednesday,24.6,66.0,0.0,13.6,SW,62
Thursday,28.0,61.5,0.0,26.6,NW,117
Friday,20.7,58.6,0.0,11.5,SE,62
Saturday,28.6,57.5,0.0,6.3,NE,59
Sunday,21.8,66.9,0.0,8.4,NE,81
Monday,25.2,62.6,0.0,12.2,NE,48
Tuesday,27.9,48.6,0.0,11.9,W,42
Wednesday,23.5,53.7,0.0,22.1,E,70
Thursday,23.0,57.5,0.0,7.6,S,69
Friday,27.5,58.4,0.0,19.7,S,82
Saturday,23.4,56.1,0.0,8.1,E,40
Sunday,27.5,60.8,0.0,22.6,NE,61
Monday,28.2,65.1,0.0,6.5,S,57
Tuesday,25.2,63.1,0.0,11.5,N,83
Wednesday,21.2,48.3,0.0,7.5,SE,61
Thursday,26.7,68.1,0.0,17.1,SW,48
Friday,28.3,63.3,0.0,17.1,S,80
Saturday,29.4,52.4,0.0,11.5,NE,47
Sunday,21.4,66.8,0.0,13.2,NW,45
Monday,19.5,61.2,0.0,6.8,E,65
Tuesday,20.0,68.7,0.0,16.0,NW,67
Wednesday,29.0,59.5,6.0,10.9,NW,50
Thursday,26.1,68.8,3.5,20.3,E,49
Friday,28.6,59.2,0.0,7.5,S,81
Saturday,24.8,54.7,5.4,13.6,SE,69
Sunday,24.5,56.9,0.0,6.5,SE,74
Monday,27.4,68.7,0.0,8.2,SE,58
Tuesday,23.6,63.7,1.6,19.4,NW,63
Wednesday,27.1,61.8,0.0,7.1,NW,45
Thursday,27.8,59.0,0.0,7.7,NE,69
Friday,21.4,61.7,0.0,5.4,SW,85
Saturday,23.2,47.6,0.0,7.4,SE,62
Sunday,21.4,46.6,0.0,11.9,SW,74
Monday,24.1,53.2,0.0,20.0,E,84
Tuesday,20.2,63.3,0.0,17.1,W,68
Wednesday,21.8,68.7,0.0,22.2,NW,50
Thursday,19.4,46.0,0.0,5.4,W,76
Friday,24.8,47.3,0.0,25.0,N,65
Saturday,19.8,67.2,5.2,7.0,N,76
Sunday,27.5,63.3,0.0,17.5,N,70
Monday,24.7,60.6,0.0,5.7,NW,53
Tuesday,17.6,54.5,0.0,21.3,W,71
Wednesday,27.5,65.1,2.7,24.4,S,69
Thursday,24.2,50.9,0.0,8.2,SW,53
Friday,23.0,59.5,0.0,23.8,SW,71
Saturday,29.6,66.8,10.0,10.4,E,93
Sunday,24.4,51.5,0.0,21.8,NW,68
Monday,21.3,45.2,7.9,19.1,NE,54
Tuesday,22.0,62.6,3.2,21.9,NW,81
Wednesday,23.2,57.9,0.4,26.4,NW,80
Thursday,28.7,54.3,3.1,17.4,W,94
Friday,27.2,51.4,0.0,11.9,W,93
Saturday,28.0,71.8,9.6,9.3,S,91
Sunday,20.2,54.7,8.2,5.5,NE,83
Monday,22.6,63.9,0.0,5.2,NE,69
Tuesday,24.4,71.1,0.0,13.0,NE,58
Wednesday,29.3,57.1,0.0,22.4,N,42
Thursday,20.0,58.7,0.0,24.2,SE,54
Friday,30.0,61.6,0.0,19.6,NW,76
Saturday,23.1,64.9,1.2,10.1,SE,40
Sunday,30.1,45.0,0.0,26.8,S,118
Monday,26.3,50.7,0.0,21.4,NW,93
Tuesday,26.4,64.5,5.1,20.2,E,64
Wednesday,19.2,50.9,0.0,20.0,NE,54
Thursday,23.1,55.0,1.0,11.1,NE,44
Friday,19.0,52.6,7.9,27.4,W,70
Saturday,18.5,66.3,4.1,16.0,W,62
Sunday,20.7,47.4,0.0,13.1,E,62
Monday,31.2,52.7,0.0,20.5,SE,45
Tuesday,21.4,59.0,0.0,9.7,S,81
Wednesday,25.6,47.1,0.0,13.2,SW,54
Thursday,27.5,62.0,0.0,24.8,N,67
Friday,24.2,51.2,0.0,20.9,NE,49
Saturday,21.9,76.6,16.5,12.3,NE,40
Sunday,27.6,71.3,0.0,10.3,N,39
Monday,25.7,82.5,16.1,13.0,E,64
Tuesday,21.7,71.4,6.5,14.4,S,56
Wednesday,20.2,68.6,11.7,11.5,N,38
Thursday,19.6,78.1,28.6,17.5,NW,63
Friday,21.9,77.9,21.0,5.0,NW,43
Saturday,19.8,97.9,38.4,14.6,S,48
Sunday,22.5,82.2,0.0,8.2,NW,52
Monday,23.1,60.2,0.0,5.3,SW,48
Tuesday,21.1,62.4,0.0,4.7,S,61
Wednesday,21.4,68.4,0.0,11.4,E,36
Thursday,27.5,72.0,29.9,11.1,NW,34
Friday,21.6,73.3,23.1,11.0,E,69
Saturday,25.9,61.5,0.0,14.6,SE,39
Sunday,19.8,61.0,9.7,4.1,N,54
Monday,25.3,79.1,0.0,4.0,E,39
Tuesday,27.2,77.6,0.0,9.5,E,48
Wednesday,24.7,81.1,0.0,13.6,SW,66
Thursday,21.9,79.2,17.4,15.4,S,51
Friday,27.8,79.0,0.0,6.0,NE,50
Saturday,25.3,90.5,29.8,15.0,NW,58
Sunday,26.5,69.7,0.0,12.1,N,34
Monday,22.6,82.3,38.5,9.7,S,47
Tuesday,19.1,72.4,0.0,15.7,N,61
Wednesday,26.9,68.5,26.8,14.5,S,32
Thursday,19.2,98.0,26.7,11.6,E,59
Friday,26.2,96.0,24.5,7.6,W,48
Saturday,25.4,84.9,0.0,14.6,SE,44
Sunday,18.1,89.6,15.8,3.8,NE,47
Monday,16.9,93.2,36.4,8.4,N,66
Tuesday,27.2,73.4,0.0,11.2,NW,37
Wednesday,24.9,92.2,0.0,8.6,N,37
Thursday,17.4,98.0,42.7,10.5,NE,45
Friday,19.6,77.8,15.4,10.4,E,42
Saturday,21.8,75.4,0.0,11.3,SE,60
Sunday,21.2,84.9,0.0,9.4,E,33
Monday,24.9,87.4,7.3,6.5,S,62
Tuesday,21.6,95.9,47.7,6.3,NW,51
Wednesday,24.3,78.4,7.7,10.6,SW,34
Thursday,22.7,90.6,37.2,13.9,NW,47
Friday,24.6,93.0,6.9,10.4,W,27
Saturday,27.1,98.0,14.7,13.4,NW,40
Sunday,29.1,98.0,16.9,9.4,NE,37
Monday,18.6,81.2,0.0,6.7,E,45
Tuesday,24.3,71.1,0.0,11.9,SE,49
Wednesday,20.2,72.7,0.0,5.2,N,26
Thursday,20.2,89.1,0.0,6.1,SE,43
Friday,23.3,94.1,31.4,3.6,S,45
Saturday,20.5,84.5,27.3,10.9,SW,25
Sunday,24.1,98.0,51.7,3.1,SE,40
Monday,24.3,71.3,0.0,3.0,NW,51
Tuesday,22.7,71.0,0.0,6.2,SE,63
Wednesday,26.3,95.2,22.5,7.1,SW,27
Thursday,24.7,94.6,35.5,11.7,NE,63
Friday,22.2,98.0,13.9,2.1,NW,64
Saturday,25.0,92.8,0.0,5.8,SW,25
Sunday,16.5,98.0,13.7,12.7,SE,54
Monday,25.2,87.4,19.6,14.8,SE,46
Tuesday,24.0,79.9,0.0,11.6,SW,52
Wednesday,20.1,93.7,38.9,13.4,SW,61
Thursday,19.3,89.3,8.2,16.6,NE,56
Friday,23.7,79.3,0.0,6.7,S,39
Saturday,21.3,93.3,19.2,8.9,SE,62
Sunday,20.5,73.7,0.0,17.1,E,34
Monday,27.7,84.2,36.4,4.0,NE,45
Tuesday,16.7,93.5,28.7,14.1,SE,49
Wednesday,19.1,90.5,0.0,6.5,W,57
Thursday,22.4,75.8,16.4,14.1,S,46
Friday,15.5,79.7,20.5,12.6,W,40
Saturday,16.8,70.5,6.9,3.2,NW,32
Sunday,17.5,89.1,32.2,8.7,N,42
Monday,25.4,69.5,0.0,10.7,SE,44
Tuesday,24.0,85.4,42.7,12.8,W,44
Wednesday,25.1,82.3,28.1,16.5,SE,39
Thursday,21.8,98.0,31.2,15.3,E,32
Friday,24.0,96.9,14.0,12.4,S,36
Saturday,21.8,85.7,26.6,4.1,S,37
Sunday,21.5,81.7,0.0,13.5,NW,63
Monday,26.4,80.7,37.7,8.3,SE,59
Tuesday,22.2,75.5,24.1,15.8,N,54
Wednesday,24.6,79.0,0.0,10.0,W,52
Thursday,16.4,88.4,0.0,5.2,NE,32
Friday,21.8,71.1,0.0,16.5,W,38
Saturday,22.3,69.8,3.8,6.5,SW,43
Sunday,17.5,89.5,17.1,11.1,S,38
Monday,19.4,70.8,44.3,10.9,NE,35
Tuesday,25.5,77.8,0.0,10.2,N,35
Wednesday,25.0,90.1,0.0,9.9,NW,60
Thursday,18.7,76.3,0.0,4.9,S,48
Friday,21.7,88.0,35.2,13.3,E,60
Saturday,25.3,93.3,30.7,4.7,S,52
Sunday,22.6,59.3,4.6,24.8,N,39
Monday,26.1,59.8,7.6,24.0,NE,83
Tuesday,16.9,69.5,5.7,16.0,SW,71
Wednesday,18.2,61.0,0.0,24.6,S,75
Thursday,23.1,52.9,0.0,29.2,SE,93
Friday,18.6,66.1,0.0,21.6,N,59
Saturday,20.9,51.4,0.0,24.5,S,81
Sunday,24.8,83.2,11.6,15.7,W,51
Monday,18.8,67.2,0.0,18.8,NW,72
Tuesday,18.1,57.0,2.3,12.3,W,61
Wednesday,21.7,55.5,0.0,17.3,NE,79
Thursday,19.5,64.3,0.0,31.2,E,91
Friday,16.2,66.6,0.0,16.1,N,59
Saturday,16.2,51.5,0.0,25.4,S,104
Sunday,23.0,70.1,0.0,29.5,SW,83
Monday,15.5,62.8,0.0,34.6,N,54
Tuesday,22.3,73.5,0.0,24.1,NW,60
Wednesday,19.1,72.3,0.0,24.3,E,69
Thursday,14.3,60.6,0.0,27.5,S,72
Friday,25.4,55.1,0.0,8.1,NW,37
Saturday,23.2,65.9,0.0,34.4,SE,57
Sunday,21.1,59.8,0.0,26.0,NE,102
Monday,21.7,71.8,0.0,23.1,S,75
Tuesday,19.0,56.3,0.0,13.6,SW,50
Wednesday,22.2,62.5,0.0,23.8,SW,44
Thursday,24.1,66.2,0.0,27.5,NW,93
Friday,19.3,57.8,0.0,22.6,E,80
Saturday,21.3,53.1,0.0,19.7,E,52
Sunday,20.6,67.2,0.0,14.4,S,43
Monday,16.0,53.1,4.9,20.3,N,43
Tuesday,17.7,66.2,0.0,15.7,S,55
Wednesday,13.1,71.5,0.0,13.2,SW,61
Thursday,18.1,63.0,0.0,39.2,S,107
Friday,18.5,49.6,0.0,23.4,SE,88
Saturday,23.6,52.8,0.0,12.0,SW,53
Sunday,17.4,67.2,0.0,37.7,SW,85
Monday,13.3,68.3,0.0,30.5,S,97
Tuesday,18.9,58.2,0.0,27.9,N,74
Wednesday,17.8,56.2,0.0,34.3,SW,86
Thursday,23.6,56.6,6.5,14.6,SE,85
Friday,22.4,69.0,0.0,21.3,N,60
Saturday,19.2,68.7,0.0,17.5,S,43
Sunday,18.0,49.6,0.0,10.6,SE,83
Monday,22.6,54.7,6.8,18.2,E,89
Tuesday,16.3,56.6,0.0,34.7,NW,85
Wednesday,22.6,57.5,0.0,18.9,N,61
Thursday,16.0,58.9,0.0,37.6,S,121
Friday,16.1,66.7,0.0,20.5,E,89
Saturday,23.3,68.7,4.0,10.0,NE,87
Sunday,16.8,69.8,0.0,30.1,SW,92
Monday,15.2,59.9,0.0,29.3,W,54
Tuesday,18.8,66.1,0.0,11.2,W,68
Wednesday,22.5,61.1,0.0,25.9,SW,73
Thursday,18.9,62.5,0.0,22.0,SW,58
Friday,23.4,51.2,0.0,37.2,SE,98
Saturday,18.6,49.6,0.0,13.3,S,78
Sunday,24.8,61.8,0.0,26.6,NW,60
Monday,16.8,54.1,0.0,38.4,S,80
Tuesday,24.0,56.5,6.8,15.5,SW,65
Wednesday,20.8,63.7,0.0,19.8,NE,72
Thursday,21.9,64.9,0.0,39.4,N,89
Friday,17.5,48.1,0.0,32.4,SW,72
Saturday,18.1,60.1,0.0,10.9,E,47
Sunday,15.5,58.6,0.0,14.1,E,67
Monday,24.4,62.9,0.0,23.7,NW,82
Tuesday,21.4,70.6,3.4,31.9,E,55
Wednesday,24.3,54.5,6.1,32.6,SE,41
Thursday,22.3,59.3,0.0,15.8,SW,53
Friday,22.7,52.2,0.0,16.1,SW,39
Saturday,16.4,59.4,0.0,11.5,NE,55
Sunday,19.1,62.6,0.0,11.5,SW,61
Monday,21.1,71.0,0.0,29.0,SW,93
Tuesday,20.6,66.0,0.0,26.5,SW,95
Wednesday,19.7,68.2,0.0,14.5,S,54
Thursday,19.0,58.1,5.7,26.0,NW,66
Friday,24.3,48.5,0.0,33.4,NE,95
Saturday,17.4,56.0,0.0,13.9,SW,55
Sunday,20.5,70.4,0.0,11.0,NE,79
Monday,19.3,59.7,0.0,24.3,N,53
Tuesday,24.7,56.8,0.0,37.6,NW,103
Wednesday,25.1,49.1,0.0,30.3,NW,82
Thursday,18.1,53.0,4.1,23.5,NE,78
Friday,23.0,69.3,0.0,32.3,W,111
Saturday,22.7,62.0,0.0,12.1,E,78
Sunday,22.7,57.9,0.0,24.7,W,39
Monday,23.3,58.8,7.0,33.3,NW,63
Tuesday,24.0,57.3,0.0,19.9,NE,60
Wednesday,19.4,68.7,0.0,9.1,NE,47
Thursday,18.3,65.9,0.0,11.5,N,85
Friday,23.3,55.0,7.6,33.1,NW,60
Saturday,22.0,58.7,0.0,25.3,N,109
Sunday,19.7,60.5,0.0,13.8,NW,51
Monday,25.9,55.8,3.5,24.7,SE,63
Tuesday,20.4,72.4,0.0,12.3,NW,51
Wednesday,21.2,78.0,0.0,5.2,S,70
Thursday,20.8,57.0,0.0,22.4,N,39
Friday,23.3,74.6,0.0,18.7,SW,74
Saturday,26.3,75.4,0.0,22.8,SW,44
Sunday,26.3,71.1,0.0,12.1,E,45
Monday,26.4,72.5,26.8,10.6,S,55
Tuesday,20.3,78.2,0.0,18.4,NE,36
Wednesday,27.0,69.7,19.1,17.5,E,36
Thursday,25.2,81.3,0.0,12.4,S,30
Friday,24.3,66.0,0.0,11.1,NW,30
Saturday,25.4,66.7,0.0,10.4,W,58
Sunday,25.0,55.8,0.0,17.0,E,63
Monday,19.6,69.7,17.3,10.9,SE,61
Tuesday,19.8,60.6,2.9,11.6,S,46
Wednesday,26.0,87.6,20.8,20.8,SE,56
Thursday,24.4,70.3,0.0,20.8,W,54
Friday,24.2,62.9,0.0,23.9,N,72
Saturday,26.5,73.8,0.0,23.4,W,36
Sunday,26.7,71.1,0.0,17.0,S,35
Monday,16.2,69.5,6.2,22.5,SW,58
Tuesday,19.2,61.4,5.6,19.6,N,35
Wednesday,26.7,71.5,0.0,15.3,SW,42
Thursday,27.1,59.5,0.0,15.6,W,66
Friday,26.2,57.9,0.0,8.8,N,48
Saturday,21.6,57.8,0.0,21.9,SW,69
Sunday,23.4,75.6,10.6,8.9,N,56
Monday,17.4,89.8,19.8,22.0,S,58
Tuesday,25.2,81.6,0.0,5.8,E,38
Wednesday,27.4,66.4,9.8,13.9,W,64
Thursday,24.1,66.0,4.7,18.1,N,41
Friday,27.3,92.1,18.1,11.0,S,65
Saturday,24.4,81.5,38.8,14.1,W,67
Sunday,22.7,85.2,33.5,5.5,E,33
Monday,19.5,85.0,0.0,9.0,SW,47
Tuesday,27.3,68.0,0.0,18.4,W,40
Wednesday,23.0,65.0,0.0,9.1,SE,43
Thursday,20.8,71.9,0.0,11.6,NW,51
Friday,17.8,61.0,3.3,6.4,W,65
Saturday,27.3,62.1,7.5,7.8,SE,37
Sunday,25.9,94.6,33.1,6.7,SE,44
Monday,28.3,86.2,0.0,19.1,W,39
Tuesday,23.9,64.1,0.0,4.6,N,45
Wednesday,15.9,94.9,20.8,5.7,W,66
Thursday,24.5,75.9,0.0,14.4,W,38
Friday,24.3,81.2,21.1,9.7,NE,54
Saturday,24.0,85.7,0.0,3.0,N,34
Sunday,21.0,78.9,34.4,17.3,E,60
Monday,23.8,76.9,0.0,17.3,N,53
Tuesday,20.1,83.1,0.0,15.2,W,66
Wednesday,21.4,87.6,0.0,11.9,E,37
Thursday,27.1,74.4,0.0,18.0,N,58
Friday,22.2,77.2,0.0,8.0,N,54
Saturday,21.6,88.8,0.0,11.5,SE,58
Sunday,18.4,60.3,0.0,14.4,E,48
Monday,22.5,78.0,0.0,10.0,SE,53
Tuesday,25.2,86.3,11.0,6.7,NW,48
Wednesday,20.7,83.1,25.3,12.1,SE,30
Thursday,24.6,94.0,10.4,15.9,SE,42
Friday,22.2,83.0,0.0,3.8,W,47
Saturday,23.2,88.3,23.5,12.1,SE,58
Sunday,22.3,87.7,0.0,7.3,W,53
Monday,21.8,69.8,0.0,7.4,NE,38
Tuesday,18.2,68.5,25.3,11.8,N,47
Wednesday,20.9,70.6,0.0,10.0,N,38
Thursday,16.7,91.7,30.0,3.0,E,37
Friday,18.0,86.3,0.0,12.7,E,48
Saturday,26.3,81.0,14.8,12.5,SE,33
Sunday,22.2,81.6,25.4,15.4,E,57
Monday,22.4,68.3,36.9,3.4,W,42
Tuesday,17.6,83.9,36.0,11.5,N,41
Wednesday,26.0,73.0,0.0,5.0,SE,32
Thursday,23.8,87.1,0.0,15.0,S,29
Friday,20.4,79.2,0.0,11.8,NE,38
Saturday,21.2,74.4,0.0,14.8,E,38
Sunday,19.7,85.2,36.3,14.6,NE,51
Monday,18.8,90.0,20.6,6.9,SE,59
Tuesday,23.1,76.0,0.0,3.7,NW,56
Wednesday,20.3,66.9,0.0,17.2,SE,42
Thursday,24.2,76.7,0.0,15.9,SE,64
Friday,19.6,60.5,0.0,4.4,N,44
Saturday,25.2,91.1,34.8,12.6,N,41
Sunday,25.1,84.2,0.0,9.6,SE,53
Monday,19.0,80.2,14.6,12.3,NW,29
Tuesday,20.6,62.5,0.0,14.9,NE,63
Wednesday,21.2,87.5,36.9,11.7,SE,36
Thursday,24.4,84.3,33.2,5.9,NW,39
Friday,22.8,92.3,34.1,18.8,N,54
Saturday,23.8,77.6,0.0,8.1,E,64
Sunday,20.3,70.8,0.0,6.5,NW,52
Monday,20.3,63.8,0.0,14.6,W,67
Tuesday,28.8,69.9,0.0,22.4,W,53
Wednesday,28.4,51.3,0.0,15.2,NE,53
Thursday,20.6,70.9,0.0,5.6,SW,52
Friday,26.9,48.4,0.0,10.5,E,39
Saturday,28.9,56.9,8.1,14.5,E,74
Sunday,26.7,57.4,0.0,6.3,N,44
Monday,30.6,52.8,0.0,16.4,NW,68
Tuesday,25.4,70.4,0.0,16.8,S,43
Wednesday,19.2,66.2,0.0,19.8,SW,40
Thursday,22.3,71.5,0.0,9.7,N,56
Friday,23.1,67.5,0.0,22.7,N,42
Saturday,23.0,70.0,0.0,9.6,W,85
Sunday,25.7,52.0,1.4,25.4,N,87
Monday,18.7,65.3,12.6,6.3,N,82
Tuesday,26.6,51.7,2.2,26.1,N,69
Wednesday,28.4,54.5,0.0,16.6,E,60
Thursday,27.1,64.6,0.0,15.2,W,41
Friday,19.9,59.1,0.0,6.4,W,56
Saturday,17.9,67.0,0.0,22.5,NW,60
Sunday,23.8,61.1,0.0,22.0,NW,49
Monday,26.8,61.7,0.0,15.2,E,83
Tuesday,25.1,83.1,12.0,7.3,S,81
Wednesday,20.7,48.1,0.0,15.7,SE,60
Thursday,24.6,54.7,0.0,27.9,E,86
Friday,29.1,68.2,0.0,7.5,S,40
Saturday,27.5,55.9,0.0,26.4,S,102
Sunday,29.7,69.3,0.0,22.9,SE,75
Monday,22.2,65.5,0.0,20.5,S,41
Tuesday,21.0,61.0,0.0,21.7,S,50
Wednesday,28.0,50.6,0.0,5.2,NW,57
Thursday,23.9,55.5,0.0,21.6,N,80
Friday,22.9,45.8,0.0,9.5,SW,52
Saturday,32.8,49.7,5.0,8.2,N,40
Sunday,25.6,59.2,0.0,14.8,W,84
Monday,27.0,56.0,0.0,13.8,NE,85
Tuesday,21.0,49.1,0.0,18.9,E,56
Wednesday,23.6,63.9,0.0,8.7,NW,56
Thursday,23.9,68.3,0.0,17.8,NE,73
Friday,25.9,54.9,0.0,10.3,E,89
Saturday,28.5,68.2,0.0,6.8,W,57
Sunday,22.8,67.0,0.0,5.5,SE,78
Monday,27.6,45.9,2.8,13.4,SW,44
Tuesday,29.1,49.0,0.0,17.9,SW,45
Wednesday,18.7,51.5,0.0,22.7,SE,70
Thursday,24.8,48.5,0.0,21.6,SW,76
Friday,26.1,68.7,0.6,7.3,NW,89
Saturday,19.7,53.1,0.0,11.3,N,63
Sunday,23.2,62.7,0.0,9.3,N,63
Monday,29.1,60.3,0.0,21.9,E,46
Tuesday,18.9,58.7,0.0,15.7,NE,53
Wednesday,29.2,47.5,3.5,19.5,NE,82
Thursday,27.1,61.6,0.0,15.0,NE,52
Friday,20.7,49.1,0.0,22.8,W,77
Saturday,26.1,67.9,0.0,19.0,NE,89
Sunday,25.7,50.8,0.0,13.3,SE,61
Monday,18.4,57.7,0.0,24.7,SW,87
Tuesday,23.4,68.8,0.0,16.0,W,58
Wednesday,26.9,48.1,0.0,10.4,N,42
Thursday,26.3,61.0,0.0,21.1,E,88
Friday,21.9,53.5,0.0,20.2,E,42
Saturday,26.9,62.1,0.0,19.5,NW,40
Sunday,30.6,71.4,0.0,20.0,E,86
Monday,20.9,47.2,0.0,17.0,SW,73
Tuesday,25.6,49.3,4.1,13.5,SW,85
Wednesday,27.8,51.1,7.7,23.9,SW,68
Thursday,26.4,49.9,0.0,24.0,E,50
Friday,23.8,51.5,0.0,6.0,NW,47
Saturday,26.7,60.5,0.0,15.8,N,91
Sunday,23.5,48.9,1.3,12.8,S,65
Monday,27.3,57.5,0.0,6.4,SW,67
Tuesday,28.5,56.3,0.0,13.9,W,53
Wednesday,19.2,46.3,0.0,25.2,E,88
Thursday,23.5,62.2,0.0,28.0,SE,70
Friday,22.3,51.2,0.0,21.0,E,87
Saturday,30.0,66.6,0.0,23.6,S,83
Sunday,25.6,48.9,0.0,13.9,SE,94
Monday,24.8,65.2,0.0,20.7,N,68
Tuesday,20.6,60.3,0.0,10.3,S,41
Wednesday,20.2,49.8,0.0,11.1,NW,42
Thursday,24.8,66.8,0.0,11.8,W,47
Friday,22.3,62.1,0.0,17.7,SE,75
Saturday,21.6,51.5,0.0,13.1,E,83
Sunday,21.8,68.4,0.0,22.2,NW,51
Monday,31.8,48.3,0.0,8.4,W,64
Tuesday,25.3,71.0,0.0,19.7,SE,41
Wednesday,24.1,45.3,0.0,8.5,NE,42
Thursday,28.7,59.3,6.1,23.7,S,94
Friday,27.9,49.5,0.0,9.9,NW,81
Saturday,29.4,57.7,0.0,11.1,SE,74
Sunday,22.0,88.8,24.5,11.5,N,51
Monday,23.8,67.8,0.0,11.7,NE,49
Tuesday,20.6,79.8,16.5,12.7,SE,35
Wednesday,25.1,97.0,30.0,17.5,NW,41
Thursday,25.1,75.6,0.0,7.7,SE,41
Friday,26.4,77.1,23.1,3.1,NW,38
Saturday,27.6,74.2,34.0,16.5,SE,62
Sunday,19.4,91.5,34.8,4.9,E,56
Monday,23.4,90.5,20.7,12.5,W,50
Tuesday,21.3,72.4,0.0,15.9,SW,37
Wednesday,17.3,98.0,35.3,9.2,E,60
Thursday,23.4,73.6,31.1,15.5,NE,61
Friday,24.8,75.4,34.9,9.8,SW,53
Saturday,27.8,75.4,6.0,16.1,SW,37
Sunday,29.7,87.9,15.5,10.8,W,47
Monday,28.4,65.4,0.0,10.7,S,45
Tuesday,24.7,89.9,29.5,7.9,S,49
Wednesday,20.7,87.1,30.5,9.8,S,41
Thursday,28.0,69.1,0.0,4.1,E,48
Friday,29.1,65.8,3.0,5.5,N,34
Saturday,20.7,81.3,0.0,16.1,S,58
Sunday,24.8,84.0,7.8,11.0,SW,56
Monday,25.0,70.1,0.0,11.8,W,35
Tuesday,20.8,74.6,17.0,14.5,SE,64
Wednesday,23.5,68.5,0.0,5.2,W,36
Thursday,21.4,74.8,0.0,7.9,N,69
Friday,18.7,88.8,37.5,9.8,SE,53
Saturday,28.3,81.2,31.8,6.9,E,52
Sunday,24.3,72.9,0.0,3.2,SW,45
Monday,21.4,82.3,0.0,6.5,W,42
Tuesday,28.7,70.6,0.0,11.5,SE,66
Wednesday,18.6,85.9,0.0,12.9,W,44
Thursday,22.8,94.9,43.5,9.3,N,33
Friday,22.8,78.5,37.8,2.7,NW,43
Saturday,22.9,80.9,0.0,11.7,SE,42
Sunday,28.0,73.6,29.4,3.9,N,38
Monday,18.1,88.0,0.0,13.8,S,49
Tuesday,17.9,85.2,0.0,4.4,N,41
Wednesday,21.2,87.0,0.0,8.7,E,53
Thursday,18.7,92.3,26.6,4.1,E,27
Friday,26.8,82.6,24.0,9.0,W,48
Saturday,24.9,76.5,30.9,5.9,W,56
Sunday,20.1,77.4,20.3,7.5,SW,43
Monday,20.0,94.2,31.9,3.0,NW,59
Tuesday,18.2,83.4,32.2,12.5,E,53
Wednesday,26.0,76.4,6.9,3.2,SW,38
Thursday,27.5,96.2,30.9,14.9,N,60
Friday,22.5,86.2,24.1,9.3,W,27
Saturday,27.3,73.9,12.1,13.5,SW,49
Sunday,19.6,66.0,9.7,2.1,W,57
Monday,25.6,75.9,38.2,8.4,E,28
Tuesday,25.5,92.5,9.4,4.1,S,54
Wednesday,23.4,72.6,15.9,13.6,SE,55
Thursday,27.3,90.5,29.9,2.8,N,39
Friday,22.2,86.5,28.2,14.4,SW,59
Saturday,20.9,70.9,0.0,4.3,NW,55
Sunday,24.7,89.1,51.0,3.5,SE,52
Monday,21.2,98.0,52.6,8.1,W,63
Tuesday,24.4,75.4,18.7,5.3,NE,50
Wednesday,20.2,80.3,36.8,7.4,S,40
Thursday,24.9,92.8,8.4,8.9,NE,45
Friday,16.8,98.0,11.4,10.2,NW,33
Saturday,18.4,86.2,42.3,9.5,NE,53
Sunday,24.3,88.1,37.6,10.9,W,54
Monday,20.5,79.7,14.7,11.8,NE,30
Tuesday,22.0,83.8,28.2,15.8,E,28
Wednesday,16.6,80.3,11.7,14.5,N,48
Thursday,20.6,88.1,0.0,9.3,E,44
Friday,19.8,70.6,3.4,17.4,NE,48
Saturday,18.1,94.6,34.0,11.1,E,67
Sunday,18.8,88.7,17.2,10.3,W,45
Monday,21.5,83.9,23.6,12.9,S,43
Tuesday,26.5,83.2,42.6,12.8,N,54
Wednesday,19.8,76.9,0.0,12.7,S,66
Thursday,25.0,78.2,0.0,5.5,NW,29
Friday,25.0,73.5,41.4,15.0,N,58
Saturday,24.0,82.5,0.0,12.6,NE,57
Sunday,19.8,88.1,0.0,11.3,W,50
Monday,25.1,87.7,36.8,16.9,NW,57
Tuesday,19.6,70.2,7.5,15.6,SW,66
Wednesday,17.9,72.4,43.5,13.4,S,29
Thursday,18.2,83.5,6.5,3.4,W,51
Friday,19.3,77.7,0.0,9.7,N,66
Saturday,27.2,78.0,0.0,11.0,SW,49
Sunday,22.8,68.1,0.0,8.1,S,28
Monday,25.4,94.6,11.9,10.6,W,64
Tuesday,18.4,90.8,0.0,12.0,E,47
Wednesday,26.1,84.7,0.0,8.2,N,48
Thursday,26.8,72.0,0.0,8.6,E,45
Friday,15.6,83.1,6.2,5.5,S,30
Saturday,25.3,76.4,30.6,7.1,NE,48
Sunday,23.1,73.5,0.0,10.9,W,57
Monday,15.4,53.7,0.0,18.5,NW,54
Tuesday,17.0,56.7,0.0,10.8,NE,36
Wednesday,19.0,73.1,0.0,19.3,SE,72
Thursday,19.3,67.5,0.0,13.2,E,52
Friday,24.1,60.1,0.0,11.4,N,62
Saturday,14.9,70.7,1.9,9.2,SW,72
Sunday,23.3,50.7,0.0,9.4,W,65
Monday,18.4,69.2,0.0,31.0,SE,106
Tuesday,24.7,63.9,5.9,28.6,N,57
Wednesday,21.3,56.6,8.0,18.6,NW,58
Thursday,21.6,58.4,0.0,19.1,S,82
Friday,17.1,53.6,0.0,27.0,NE,55
Saturday,24.4,74.9,0.0,23.2,SW,40
Sunday,24.3,65.1,4.1,21.4,NW,75
Monday,17.2,63.7,0.0,32.2,W,111
Tuesday,16.3,66.3,0.0,32.8,NE,66
Wednesday,25.2,74.7,0.0,34.5,E,49
Thursday,24.2,53.7,0.0,19.6,NW,77
Friday,25.5,69.0,0.0,23.2,E,78
Saturday,23.2,58.2,0.0,31.9,SE,74
Sunday,24.1,73.1,0.0,13.3,NE,79
Monday,22.9,74.9,0.0,26.3,E,54
Tuesday,18.2,62.8,0.0,8.0,N,66
Wednesday,18.4,71.7,0.0,32.5,NW,110
Thursday,15.6,54.7,0.0,22.4,SW,35
Friday,20.2,70.3,10.9,16.4,N,38
Saturday,17.0,53.5,2.5,17.7,S,47
Sunday,22.5,67.8,0.0,16.9,S,40
Monday,19.5,58.6,0.0,16.0,W,35
Tuesday,23.3,52.3,6.6,29.9,S,84
Wednesday,19.9,57.1,0.0,25.5,NW,94
Thursday,17.6,68.8,0.0,30.1,SE,90
Friday,16.2,71.3,0.0,32.2,NE,98
Saturday,20.2,56.2,0.0,20.9,W,64
Sunday,21.8,49.9,0.0,33.5,E,65
Monday,21.7,58.0,0.0,34.6,SW,82
Tuesday,21.0,71.6,0.0,38.7,S,97
Wednesday,19.7,68.4,0.0,23.4,S,45
Thursday,20.8,71.5,0.0,35.2,NE,55
Friday,16.2,52.3,0.0,26.4,SW,120
Saturday,21.9,60.1,0.2,10.7,SE,87
Sunday,20.8,61.2,0.0,12.4,NE,43
Monday,22.9,62.3,2.4,13.4,SW,47
Tuesday,17.7,52.6,0.0,31.4,NW,102
Wednesday,21.7,70.7,0.0,12.7,N,45
Thursday,15.2,58.3,0.0,35.1,SW,78
Friday,19.8,62.4,0.0,16.1,NE,83
Saturday,22.6,56.0,1.3,15.9,NE,44
Sunday,17.9,52.4,0.0,21.1,S,69
Monday,21.7,61.5,0.0,18.3,W,52
Tuesday,22.4,62.2,0.0,31.2,W,90
Wednesday,24.0,48.8,0.0,24.0,SE,88
Thursday,14.1,60.0,0.0,21.6,SE,53
Friday,22.6,57.4,0.0,13.7,E,71
Saturday,22.5,53.3,0.0,25.0,W,68
Sunday,19.3,53.5,0.0,20.7,NE,44
Monday,20.2,52.2,0.0,33.7,E,100
Tuesday,21.0,63.0,0.0,24.9,SE,75
Wednesday,18.4,64.6,0.0,29.1,S,86
Thursday,21.8,55.3,0.0,35.3,S,74
Friday,19.1,58.8,0.0,17.7,SW,82
Saturday,16.9,57.0,0.0,19.9,W,66
Sunday,22.7,64.7,0.0,36.4,SW,106
Monday,15.9,50.5,0.0,28.8,W,98
Tuesday,15.5,70.0,0.0,26.9,SE,100
Wednesday,18.0,50.4,0.0,11.9,E,67
Thursday,20.4,65.2,7.5,21.5,NE,71
Friday,20.9,50.9,0.0,36.5,NW,73
Saturday,19.4,59.1,0.0,37.2,NW,65
Sunday,15.7,61.7,0.0,37.6,NE,79
Monday,23.2,50.0,0.0,12.2,E,59
Tuesday,18.5,63.6,4.1,13.7,SE,50
Wednesday,19.6,55.5,0.0,25.8,N,51
Thursday,22.9,59.0,0.0,18.1,SE,65
Friday,26.0,60.4,0.0,14.0,W,64
Saturday,24.2,58.5,3.1,13.5,N,64
Sunday,15.4,48.4,0.0,24.4,NE,77
Monday,17.6,58.2,0.0,37.1,SE,62
Tuesday,19.9,58.9,4.2,18.8,W,42
Wednesday,23.2,49.9,0.0,11.2,N,83
Thursday,24.2,61.9,0.0,34.3,W,101
Friday,23.1,62.7,5.4,24.9,W,74
Saturday,17.4,72.7,2.5,15.9,N,55
Sunday,23.2,54.5,0.0,34.2,SW,61
Monday,19.0,63.3,0.0,18.2,SW,37
Tuesday,17.5,72.6,0.0,15.2,NW,80
Wednesday,22.8,71.6,0.0,10.2,W,69
Thursday,18.3,67.1,8.6,35.1,E,62
Friday,21.9,61.6,6.5,10.7,E,44
Saturday,23.3,56.7,0.0,18.1,NW,80
Sunday,22.1,51.5,8.2,33.6,NE,78
Monday,19.6,49.9,0.0,10.1,NW,54
Tuesday,18.5,70.3,0.0,10.1,W,45
Wednesday,20.8,77.1,0.0,5.6,E,40
Thursday,24.4,55.3,1.3,8.8,N,71
Friday,28.3,58.6,3.9,5.6,E,52
Saturday,24.5,86.3,24.6,16.2,W,65
Sunday,26.7,77.1,10.0,20.7,S,48
Monday,24.5,58.8,9.9,22.1,E,42
Tuesday,23.0,81.6,0.0,22.7,SE,33
Wednesday,19.8,61.9,0.0,5.1,N,51
Thursday,23.0,69.1,0.0,18.6,N,70
Friday,23.0,58.6,0.0,11.8,NW,51
Saturday,23.8,70.1,0.0,6.7,S,71
Sunday,19.2,68.8,10.6,10.2,NW,37
Monday,22.2,60.9,0.0,20.2,S,65
Tuesday,27.4,75.3,9.8,10.0,NW,71
Wednesday,16.7,65.5,0.0,7.5,SW,34
Thursday,29.6,73.7,0.0,18.7,N,55
Friday,26.0,59.1,9.8,12.5,SE,74
Saturday,21.7,68.4,0.0,19.6,NW,59
Sunday,20.0,68.6,0.0,18.5,NE,68
Monday,27.0,61.8,21.5,13.2,SE,51
Tuesday,23.4,76.8,0.0,19.8,SW,55
Wednesday,19.7,67.1,0.0,16.0,NE,51
Thursday,22.3,70.3,6.9,9.8,NW,37
Friday,25.1,64.0,0.0,5.9,SE,49
Saturday,26.5,73.4,0.0,16.5,NW,33
